id,first_name,last_name,email,gender,ip_address
1,Reagen,Gagen,rgagen0@com.com,Female,249.132.74.51
2,Odie,Dufoure,odufoure1@google.cn,Male,153.250.125.105
3,Betta,Dincey,bdincey2@google.com.hk,Male,154.207.121.74
4,Hyacinth,Barreau,hbarreau3@irs.gov,Female,203.150.248.238
5,Teresina,Hirth,thirth4@bravesites.com,Female,251.63.38.86
6,Free,Fawson,ffawson5@indiatimes.com,Female,178.42.165.124
7,Rowena,Topling,rtopling6@chicagotribune.com,Male,27.33.58.167
8,Arnold,Northover,anorthover7@state.gov,Female,250.17.29.14
9,Inger,Roget,iroget8@ebay.co.uk,Female,83.242.226.106
10,Giselle,Elfleet,gelfleet9@engadget.com,Female,186.224.81.179
11,Alanna,Wadge,awadgea@nymag.com,Female,109.117.147.121
12,Kingsly,Clerke,kclerkeb@desdev.cn,Female,121.131.79.169
13,Tuesday,Braunstein,tbraunsteinc@bloglovin.com,Female,80.152.234.117
14,Jerrie,Yakovliv,jyakovlivd@nifty.com,Female,36.68.186.242
15,Vita,Pestricke,vpestrickee@pinterest.com,Female,131.232.198.131
16,Susanetta,Risso,srissof@apple.com,Male,50.177.25.250
17,Ludovico,Hritzko,lhritzkog@bravesites.com,Agender,133.222.38.236
18,Letty,Lambrook,llambrookh@devhub.com,Female,0.231.109.218
19,Lidia,Ibotson,libotsoni@disqus.com,Female,22.253.240.149
20,Farra,Stopher,fstopherj@arizona.edu,Female,2.75.216.104
21,Maddie,Slograve,mslogravek@topsy.com,Male,157.215.35.202
22,Isahella,Gorcke,igorckel@usnews.com,Female,42.197.195.37
23,Lisbeth,Wickson,lwicksonm@etsy.com,Male,191.246.67.45
24,Demeter,De Roos,dderoosn@pbs.org,Female,186.189.64.207
25,Tracie,Gai,tgaio@prlog.org,Female,19.208.9.34
26,Genna,Prosh,gproshp@bing.com,Male,168.233.100.114
27,Nadiya,Hobden,nhobdenq@wix.com,Female,150.241.74.40
28,Kimberlyn,Caghan,kcaghanr@etsy.com,Male,4.118.183.1
29,Julianne,Matczak,jmatczaks@google.nl,Male,60.136.98.186
30,Liliane,Week,lweekt@lycos.com,Female,154.211.75.36
31,Gil,Staker,gstakeru@bluehost.com,Female,208.132.30.52
32,Darb,Nuschke,dnuschkev@github.com,Male,252.60.141.213
33,Ebeneser,Fransinelli,efransinelliw@businessinsider.com,Male,150.134.19.11
34,Micheil,Skettles,mskettlesx@tumblr.com,Male,192.63.195.96
35,Eduardo,Clewer,eclewery@w3.org,Female,73.86.97.129
36,Cathyleen,Dantesia,cdantesiaz@123-reg.co.uk,Male,104.56.49.143
37,Libby,Swarbrick,lswarbrick10@myspace.com,Male,182.89.4.231
38,Rachele,Virr,rvirr11@howstuffworks.com,Genderfluid,162.170.254.234
39,Wilie,Mullally,wmullally12@desdev.cn,Male,105.76.134.244
40,Gretta,Heeks,gheeks13@google.co.uk,Male,14.141.114.106
41,Loise,Morecombe,lmorecombe14@about.me,Male,237.39.154.153
42,Arluene,Huyge,ahuyge15@sun.com,Male,232.193.53.152
43,Berkley,Beves,bbeves16@parallels.com,Male,143.79.254.42
44,Billy,Vannikov,bvannikov17@edublogs.org,Male,95.82.19.149
45,Corabelle,Iles,ciles18@eventbrite.com,Male,211.83.62.28
46,Odell,Simenet,osimenet19@psu.edu,Female,123.178.37.119
47,Myrlene,Summers,msummers1a@wordpress.org,Male,140.55.115.168
48,Anabal,Baccup,abaccup1b@ft.com,Male,57.170.226.131
49,Bob,Wilber,bwilber1c@utexas.edu,Female,100.7.128.219
50,Ebba,Dunlop,edunlop1d@theglobeandmail.com,Female,237.9.177.38
51,Reuben,MacKniely,rmackniely1e@instagram.com,Female,190.126.224.149
52,Keir,Jeste,kjeste1f@auda.org.au,Female,106.150.80.145
53,Idalia,Maude,imaude1g@ucoz.ru,Male,202.43.90.167
54,Kaja,Browncey,kbrowncey1h@cocolog-nifty.com,Polygender,125.3.62.108
55,Nichols,Artist,nartist1i@amazonaws.com,Male,194.189.159.56
56,Carleton,Gorvin,cgorvin1j@techcrunch.com,Male,50.77.94.182
57,Edvard,Teulier,eteulier1k@netvibes.com,Male,6.49.132.33
58,Kane,Indge,kindge1l@deliciousdays.com,Male,132.209.119.217
59,Ariel,Bernaert,abernaert1m@nasa.gov,Non-binary,181.232.25.126
60,Jaime,McKissack,jmckissack1n@mayoclinic.com,Female,119.233.34.191
61,Janela,Goodge,jgoodge1o@plala.or.jp,Female,18.107.92.137
62,Meggie,Triplett,mtriplett1p@ning.com,Female,143.237.165.125
63,Dru,Widdop,dwiddop1q@nih.gov,Female,16.43.86.37
64,Aristotle,Helleker,ahelleker1r@webs.com,Male,210.150.70.78
65,Evaleen,Audus,eaudus1s@eepurl.com,Male,164.252.216.206
66,Georas,Mynett,gmynett1t@mlb.com,Female,122.173.31.238
67,Iorgos,Butterly,ibutterly1u@networkadvertising.org,Female,185.204.77.194
68,Dulcinea,Simounet,dsimounet1v@twitpic.com,Male,193.183.190.63
69,Lenora,Chatburn,lchatburn1w@cmu.edu,Female,125.53.127.5
70,Lida,Povall,lpovall1x@feedburner.com,Female,99.12.195.126
71,Karlens,Pietsma,kpietsma1y@youku.com,Male,81.139.114.239
72,Winonah,Braunds,wbraunds1z@hc360.com,Male,223.19.171.198
73,Fannie,Tithacott,ftithacott20@nymag.com,Female,174.51.255.88
74,Avrit,Tomasino,atomasino21@fema.gov,Male,125.3.7.236
75,Aron,Ottee,aottee22@squarespace.com,Female,18.210.99.48
76,Gerry,Eckery,geckery23@shop-pro.jp,Male,153.221.146.106
77,Ailyn,Soffe,asoffe24@feedburner.com,Non-binary,56.37.133.165
78,Dina,Akehurst,dakehurst25@google.co.uk,Female,134.16.69.164
79,Faydra,Philippon,fphilippon26@woothemes.com,Genderfluid,179.96.30.105
80,Dwayne,Hammerman,dhammerman27@wired.com,Female,21.0.99.198
81,Correna,Risbie,crisbie28@discovery.com,Female,100.8.6.141
82,Mata,Beggio,mbeggio29@about.com,Female,10.203.62.27
83,Korney,Hender,khender2a@altervista.org,Female,106.159.51.119
84,Harry,Kincey,hkincey2b@hubpages.com,Female,115.147.237.132
85,Kandace,Caudell,kcaudell2c@intel.com,Female,216.67.19.215
86,Jameson,Scarff,jscarff2d@jiathis.com,Bigender,138.68.144.233
87,Bronnie,Shear,bshear2e@naver.com,Male,131.160.51.111
88,Theda,Corkhill,tcorkhill2f@ucsd.edu,Female,22.105.177.95
89,Adina,Vizor,avizor2g@joomla.org,Female,135.40.33.72
90,Giffy,Hesey,ghesey2h@1und1.de,Female,13.79.169.6
91,Amil,Tockell,atockell2i@amazonaws.com,Male,91.152.37.84
92,Megan,Fumagalli,mfumagalli2j@plala.or.jp,Genderqueer,159.205.219.225
93,Clio,McAless,cmcaless2k@vk.com,Male,246.54.111.138
94,Jacklin,Rugiero,jrugiero2l@shop-pro.jp,Female,39.177.235.90
95,Mohandis,Lates,mlates2m@sciencedaily.com,Male,106.163.156.105
96,Stefanie,Cayley,scayley2n@oracle.com,Female,145.248.160.92
97,Rosa,Hinckesman,rhinckesman2o@eventbrite.com,Male,17.147.224.181
98,Stephen,Dwane,sdwane2p@vinaora.com,Male,196.43.87.221
99,Shurwood,Deport,sdeport2q@harvard.edu,Female,136.27.89.119
100,Morissa,MacNulty,mmacnulty2r@rakuten.co.jp,Female,240.83.221.103
