id,first_name,last_name,email,gender,ip_address
1,Elonore,Tunbridge,etunbridge0@illinois.edu,Female,254.218.63.31
2,Wilie,Whickman,wwhickman1@ycombinator.com,Female,196.84.102.142
3,Clo,Brownsword,cbrownsword2@webnode.com,Female,186.65.110.208
4,Yolanda,Rishbrook,yrishbrook3@a8.net,Female,80.39.82.190
5,Bethanne,Dancey,bdancey4@youtu.be,Bigender,249.218.7.168
6,Saundra,Rackstraw,srackstraw5@disqus.com,Female,119.65.224.177
7,Gisella,Pipe,gpipe6@wsj.com,Male,54.18.123.32
8,Woodman,Flade,wflade7@so-net.ne.jp,Male,159.252.229.155
9,Tammie,Breeder,tbreeder8@seattletimes.com,Genderfluid,190.223.25.74
10,Kirby,Corrett,kcorrett9@wired.com,Genderfluid,116.154.136.48
11,Starla,McWard,smcwarda@mit.edu,Male,107.174.141.90
12,Ernst,Langford,elangfordb@google.com.au,Female,81.39.237.24
13,Christyna,De Vaux,cdevauxc@constantcontact.com,Female,164.191.60.144
14,Daron,Skerme,dskermed@utexas.edu,Female,24.15.198.222
15,Melitta,Longstreeth,mlongstreethe@twitpic.com,Male,176.189.211.117
16,Demetra,Dorr,ddorrf@plala.or.jp,Male,113.152.250.77
17,Rurik,Standall,rstandallg@homestead.com,Male,163.94.77.14
18,Lou,Casazza,lcasazzah@weebly.com,Female,152.170.6.82
19,Maury,Davies,mdaviesi@mapy.cz,Male,222.129.146.194
20,Toiboid,Firidolfi,tfiridolfij@lycos.com,Male,210.2.100.185
21,Bo,Cristofalo,bcristofalok@so-net.ne.jp,Female,100.108.29.211
22,Weylin,Pieters,wpietersl@harvard.edu,Female,128.116.91.130
23,Quintin,Buntain,qbuntainm@census.gov,Male,203.224.163.130
24,Lynette,Levine,llevinen@slideshare.net,Female,94.67.231.204
25,Randee,Daughtry,rdaughtryo@yahoo.com,Male,220.205.229.121
26,Willetta,Rosenthaler,wrosenthalerp@sfgate.com,Male,3.252.150.166
27,Martino,Shaplin,mshaplinq@washingtonpost.com,Female,33.1.81.176
28,Cornelle,Crucitti,ccrucittir@addthis.com,Female,180.27.76.32
29,Basia,Sprowle,bsprowles@upenn.edu,Female,74.69.255.120
30,Wendye,Whales,wwhalest@umich.edu,Male,194.111.7.193
31,Benjie,Jaine,bjaineu@cnn.com,Female,173.120.2.145
32,Roxane,Ivashkov,rivashkovv@chron.com,Female,147.133.201.103
33,Phillida,Grabert,pgrabertw@earthlink.net,Male,82.150.162.51
34,Marleen,Joron,mjoronx@independent.co.uk,Male,58.106.199.132
35,Rene,Thistleton,rthistletony@chronoengine.com,Female,194.59.119.48
36,Anet,Hamby,ahambyz@fotki.com,Female,118.77.15.131
37,Edlin,Avey,eavey10@wiley.com,Male,170.49.233.66
38,Willabella,Wetherill,wwetherill11@acquirethisname.com,Female,62.62.45.248
39,Vasilis,Gillison,vgillison12@mapy.cz,Male,73.30.222.138
40,Jedediah,Kigelman,jkigelman13@wisc.edu,Female,244.83.191.165
41,Valene,Brothers,vbrothers14@deliciousdays.com,Male,110.101.66.33
42,Nariko,Loynton,nloynton15@cbslocal.com,Female,112.238.220.226
43,Barbara,Scroggs,bscroggs16@huffingtonpost.com,Non-binary,67.122.46.68
44,Merry,Cheale,mcheale17@vinaora.com,Male,153.90.245.212
45,Danice,Baldoni,dbaldoni18@nifty.com,Female,28.225.198.84
46,Emanuele,Afonso,eafonso19@dyndns.org,Female,56.120.116.8
47,Vin,Kingsnoad,vkingsnoad1a@etsy.com,Female,121.161.63.56
48,Justine,Shorbrook,jshorbrook1b@chronoengine.com,Male,10.58.114.139
49,Nikolaus,Cureton,ncureton1c@rediff.com,Female,64.238.176.89
50,Annabela,Pentecost,apentecost1d@moonfruit.com,Agender,123.234.199.154
51,Clare,Peinton,cpeinton1e@nationalgeographic.com,Female,218.226.89.146
52,Morly,Iwanowski,miwanowski1f@webeden.co.uk,Male,93.228.68.150
53,Steffie,Corrao,scorrao1g@google.cn,Female,78.44.19.174
54,Steve,Simoncelli,ssimoncelli1h@google.nl,Agender,136.174.224.131
55,Manda,Baggelley,mbaggelley1i@tinyurl.com,Male,219.15.167.10
56,Earvin,Thorowgood,ethorowgood1j@usatoday.com,Bigender,64.46.188.117
57,Peggy,Dowley,pdowley1k@barnesandnoble.com,Male,223.90.173.180
58,Phillida,Bromidge,pbromidge1l@e-recht24.de,Male,94.26.74.25
59,Tadd,Zaple,tzaple1m@cam.ac.uk,Male,82.238.75.146
60,Elnora,Hurn,ehurn1n@gmpg.org,Male,249.228.143.137
61,Ketti,Chrismas,kchrismas1o@nytimes.com,Female,198.121.200.184
62,Celie,Abbet,cabbet1p@bbb.org,Female,17.75.36.233
63,Beauregard,Palphreyman,bpalphreyman1q@bizjournals.com,Male,7.51.20.21
64,Sharron,Juris,sjuris1r@tumblr.com,Male,170.84.74.80
65,Vanda,Sidwell,vsidwell1s@adobe.com,Genderfluid,11.65.153.22
66,Abdel,Shaw,ashaw1t@mediafire.com,Male,60.94.17.79
67,Dun,Rosedale,drosedale1u@sciencedaily.com,Female,218.213.102.242
68,Kingsley,Delve,kdelve1v@zimbio.com,Female,32.25.34.170
69,Erinn,Gannon,egannon1w@youtube.com,Female,38.129.219.233
70,Hill,Konneke,hkonneke1x@yandex.ru,Bigender,3.158.88.184
71,Konstantin,Trueman,ktrueman1y@answers.com,Female,131.189.34.30
72,Zach,Shotboulte,zshotboulte1z@webs.com,Male,38.23.30.126
73,Coreen,Canwell,ccanwell20@reference.com,Female,7.198.226.246
74,Raviv,Darker,rdarker21@tripod.com,Male,189.64.22.235
75,Kore,O'Teague,koteague22@upenn.edu,Male,123.248.226.34
76,Janeta,Kobes,jkobes23@friendfeed.com,Bigender,246.2.93.228
77,Aldous,Loughnan,aloughnan24@tamu.edu,Bigender,119.141.214.19
78,Shep,Manns,smanns25@123-reg.co.uk,Female,251.132.188.162
79,Angelia,Dymocke,adymocke26@skyrock.com,Male,187.71.109.77
80,Tedmund,Crehan,tcrehan27@xinhuanet.com,Male,168.95.157.157
81,Marten,Karpenya,mkarpenya28@samsung.com,Male,108.199.58.200
82,Brendan,Matuschek,bmatuschek29@arizona.edu,Female,187.210.101.176
83,Blayne,Shortell,bshortell2a@blogs.com,Female,29.48.46.49
84,Nial,Rignall,nrignall2b@gnu.org,Male,72.35.65.78
85,Shanan,Barfford,sbarfford2c@ow.ly,Male,14.89.10.218
86,Lanae,Backshill,lbackshill2d@parallels.com,Female,58.206.29.52
87,Christy,Songust,csongust2e@vimeo.com,Male,34.19.132.166
88,Giustina,Bridge,gbridge2f@blogspot.com,Female,152.155.207.22
89,Lauraine,Lillow,llillow2g@elegantthemes.com,Female,246.62.41.66
90,Bradan,Foye,bfoye2h@bandcamp.com,Male,53.70.136.166
91,Woodman,Pavel,wpavel2i@slate.com,Female,213.222.180.159
92,Roberto,Lowers,rlowers2j@pcworld.com,Female,42.39.248.162
93,Horace,Haycock,hhaycock2k@slideshare.net,Male,33.29.16.214
94,George,Lossman,glossman2l@vimeo.com,Male,189.19.226.83
95,Engracia,Alves,ealves2m@bbc.co.uk,Male,77.60.28.217
96,Wendy,Dever,wdever2n@deviantart.com,Male,68.148.170.116
97,Aloin,Doxey,adoxey2o@alexa.com,Female,179.150.50.160
98,Billie,Courteney,bcourteney2p@sciencedaily.com,Bigender,10.156.191.163
99,Zorana,Rainger,zrainger2q@pinterest.com,Female,53.180.193.183
100,Reece,Greenleaf,rgreenleaf2r@nymag.com,Non-binary,52.80.184.139
101,Keir,Mattiacci,kmattiacci2s@java.com,Male,210.145.226.125
102,Genevra,Cathel,gcathel2t@digg.com,Female,50.155.136.231
103,Ariella,Hollingdale,ahollingdale2u@youtube.com,Female,236.202.62.60
104,Wendeline,Garrod,wgarrod2v@narod.ru,Female,185.32.134.65
105,Arni,Softley,asoftley2w@house.gov,Female,33.207.205.56
106,Dacia,Anthon,danthon2x@odnoklassniki.ru,Male,38.228.46.250
107,Sherwin,O' Donohoe,sodonohoe2y@theguardian.com,Female,35.6.142.34
108,Josselyn,Provost,jprovost2z@netlog.com,Male,254.152.73.109
109,Amber,Linwood,alinwood30@phoca.cz,Male,180.11.137.19
110,Pamella,Owbridge,powbridge31@sciencedirect.com,Female,185.5.184.14
111,Natalie,Derham,nderham32@abc.net.au,Female,177.97.68.85
112,Dniren,Welfare,dwelfare33@howstuffworks.com,Female,238.51.68.198
113,Kasper,Goodfield,kgoodfield34@businessweek.com,Bigender,51.8.104.245
114,Dorie,Dicks,ddicks35@parallels.com,Male,165.199.74.29
115,Tamra,Duinkerk,tduinkerk36@ebay.co.uk,Male,147.190.250.11
116,Maurizia,Lowensohn,mlowensohn37@ocn.ne.jp,Female,28.138.20.118
117,Laney,Attride,lattride38@earthlink.net,Female,221.19.182.12
118,Clevie,Chapier,cchapier39@slashdot.org,Female,123.237.245.53
119,Arlinda,Greim,agreim3a@fema.gov,Female,246.29.197.98
120,Moreen,May,mmay3b@time.com,Polygender,59.122.125.76
121,Jillie,Iacobo,jiacobo3c@howstuffworks.com,Male,13.209.77.140
122,Waite,Nana,wnana3d@microsoft.com,Male,191.68.198.194
123,Scotti,Cafe,scafe3e@e-recht24.de,Male,167.174.251.39
124,Inez,Maitland,imaitland3f@dailymail.co.uk,Male,91.65.94.239
125,Twila,Clowes,tclowes3g@cdbaby.com,Agender,4.200.52.228
126,Ardeen,Klassmann,aklassmann3h@creativecommons.org,Female,169.228.106.31
127,Garreth,Duker,gduker3i@infoseek.co.jp,Male,80.7.101.101
128,Abbe,Byas,abyas3j@oracle.com,Female,112.19.59.109
129,Ferdinand,Dockrell,fdockrell3k@goodreads.com,Male,235.42.197.171
130,Ilyssa,Darbey,idarbey3l@elegantthemes.com,Female,156.221.67.25
131,Fayre,Guirardin,fguirardin3m@house.gov,Male,100.174.13.74
132,Eziechiele,Blazewski,eblazewski3n@msu.edu,Male,181.21.89.66
133,Sallee,Fanthome,sfanthome3o@columbia.edu,Female,92.82.143.82
134,Estella,Lilloe,elilloe3p@usa.gov,Female,214.59.233.238
135,Purcell,McKimmey,pmckimmey3q@hao123.com,Female,31.246.1.35
136,Aviva,Tybalt,atybalt3r@merriam-webster.com,Female,47.61.9.71
137,Tiphany,Casacchia,tcasacchia3s@xing.com,Male,189.123.74.49
138,Antons,Spraggon,aspraggon3t@bing.com,Male,71.242.225.23
139,Aundrea,Allmann,aallmann3u@jigsy.com,Male,134.8.235.227
140,Carline,Abelson,cabelson3v@wordpress.com,Non-binary,248.39.62.148
141,Brody,Foulks,bfoulks3w@studiopress.com,Male,156.98.161.198
142,Jo ann,Tondeur,jtondeur3x@wikimedia.org,Male,52.215.145.99
143,Judie,Quadri,jquadri3y@mayoclinic.com,Female,139.96.117.255
144,Roselin,McCrillis,rmccrillis3z@xinhuanet.com,Genderfluid,61.205.180.12
145,Rosmunda,Lowndes,rlowndes40@apple.com,Female,238.192.93.25
146,Hildagarde,Fegan,hfegan41@360.cn,Male,193.191.231.66
147,Baxie,Baudone,bbaudone42@dell.com,Male,221.8.104.211
148,Nora,Hargitt,nhargitt43@redcross.org,Female,49.77.238.142
149,Lydia,Atty,latty44@mediafire.com,Agender,131.12.210.8
150,Chalmers,Chisolm,cchisolm45@freewebs.com,Female,93.59.139.163
151,Joey,Kasman,jkasman46@feedburner.com,Female,233.118.196.0
152,Patricia,Oldroyde,poldroyde47@elpais.com,Female,65.147.80.252
153,Magdalene,Olerenshaw,molerenshaw48@furl.net,Female,185.230.233.121
154,Darn,Scouller,dscouller49@addthis.com,Female,10.65.7.97
155,Rowland,Kirkbright,rkirkbright4a@economist.com,Male,198.236.155.107
156,Beverley,Vice,bvice4b@mit.edu,Male,101.204.193.67
157,Courtney,Skurm,cskurm4c@typepad.com,Female,79.228.179.78
158,Leena,Tessington,ltessington4d@plala.or.jp,Female,117.250.210.134
159,Lydia,Mariette,lmariette4e@livejournal.com,Polygender,143.101.140.149
160,Carmela,Woodley,cwoodley4f@businessweek.com,Male,168.174.222.166
161,Jessi,Akehurst,jakehurst4g@addthis.com,Female,81.179.7.230
162,Mommy,Chaplyn,mchaplyn4h@unc.edu,Female,168.217.156.154
163,Constantine,Moxon,cmoxon4i@mashable.com,Male,148.117.114.27
164,Fulvia,Karpinski,fkarpinski4j@nytimes.com,Female,181.0.198.187
165,Sibilla,Sainsbury-Brown,ssainsburybrown4k@naver.com,Male,199.120.252.27
166,Marco,Silbersak,msilbersak4l@si.edu,Female,80.138.92.1
167,Anthiathia,Pendre,apendre4m@moonfruit.com,Female,74.235.14.128
168,Suzy,Binnion,sbinnion4n@indiatimes.com,Male,171.49.60.6
169,Pace,Ambrois,pambrois4o@github.io,Male,18.43.121.173
170,Josee,Borland,jborland4p@smugmug.com,Female,163.50.121.104
171,Rhiamon,Blacktin,rblacktin4q@newyorker.com,Female,166.68.92.71
172,Reggy,Branson,rbranson4r@sciencedaily.com,Female,242.97.233.249
173,Zebedee,Crossland,zcrossland4s@acquirethisname.com,Male,194.244.75.247
174,Ewart,Mockford,emockford4t@live.com,Male,153.192.149.119
175,Dallis,Orrock,dorrock4u@mail.ru,Female,203.116.230.159
176,Pippy,Foye,pfoye4v@admin.ch,Genderqueer,68.159.110.84
177,Olenka,Orris,oorris4w@about.me,Male,122.55.196.122
178,Danice,Boggis,dboggis4x@epa.gov,Female,21.70.78.139
179,Culver,Ajam,cajam4y@canalblog.com,Female,85.8.0.10
180,Augustus,Gilbert,agilbert4z@trellian.com,Non-binary,185.68.247.77
181,Oralla,Crichten,ocrichten50@npr.org,Female,235.104.219.5
182,Forster,Heartfield,fheartfield51@nydailynews.com,Male,68.150.87.218
183,Hugibert,Lovekin,hlovekin52@abc.net.au,Female,49.107.219.238
184,Grenville,Skeel,gskeel53@cornell.edu,Female,79.70.12.40
185,Osgood,Thorsen,othorsen54@google.com.au,Female,39.106.20.185
186,Brock,Ondrusek,bondrusek55@last.fm,Male,134.23.119.254
187,Gena,Standring,gstandring56@techcrunch.com,Male,231.46.204.42
188,Hymie,Meryett,hmeryett57@telegraph.co.uk,Female,18.53.121.154
189,Jessalin,Egell,jegell58@blinklist.com,Female,237.79.247.126
190,Willow,Crimp,wcrimp59@pcworld.com,Female,101.200.161.18
191,Adriano,Titchard,atitchard5a@mozilla.org,Female,115.85.61.169
192,Parke,Thackwray,pthackwray5b@freewebs.com,Male,68.227.154.74
193,Chandler,Matthius,cmatthius5c@nhs.uk,Male,69.13.188.100
194,Sher,Eltune,seltune5d@symantec.com,Male,235.3.253.83
195,Chad,Chittenden,cchittenden5e@e-recht24.de,Female,141.188.82.211
196,Roby,Achrameev,rachrameev5f@time.com,Female,204.106.111.146
197,Emilio,Blazey,eblazey5g@cafepress.com,Female,42.148.228.255
198,Ben,Geldert,bgeldert5h@soup.io,Male,251.13.146.31
199,Gladi,Born,gborn5i@yandex.ru,Female,201.253.146.96
200,Oran,Croasdale,ocroasdale5j@nymag.com,Female,252.212.213.73
201,Griffin,Meaton,gmeaton5k@cargocollective.com,Male,77.79.95.121
202,Nikoletta,Meineck,nmeineck5l@odnoklassniki.ru,Male,192.85.80.174
203,Marylinda,Elcy,melcy5m@ebay.com,Bigender,180.122.193.201
204,Gerek,Benitti,gbenitti5n@myspace.com,Female,203.20.89.34
205,Gina,Guage,gguage5o@aboutads.info,Female,41.71.76.93
206,Basilio,Elcome,belcome5p@histats.com,Female,56.146.14.5
207,Clayson,Streatley,cstreatley5q@dyndns.org,Female,224.27.3.232
208,Nealon,Lacotte,nlacotte5r@skyrock.com,Female,12.17.114.37
209,Ange,Ivashin,aivashin5s@scribd.com,Female,150.178.110.89
210,Fayette,Scholz,fscholz5t@feedburner.com,Female,27.211.66.215
211,Fred,Orrice,forrice5u@earthlink.net,Male,239.110.105.41
212,Breanne,Lowing,blowing5v@ifeng.com,Female,169.27.107.244
213,Royall,Petrenko,rpetrenko5w@spiegel.de,Male,190.162.157.113
214,Michel,Collingwood,mcollingwood5x@blogtalkradio.com,Female,38.8.107.82
215,Myrta,Davidesco,mdavidesco5y@t-online.de,Male,184.79.115.167
216,Sella,Padmore,spadmore5z@bandcamp.com,Female,111.230.206.131
217,Bibi,Panner,bpanner60@samsung.com,Male,215.49.31.228
218,Guntar,Stucksbury,gstucksbury61@photobucket.com,Female,37.62.146.198
219,Thorsten,Cordle,tcordle62@netlog.com,Male,12.39.197.77
220,Todd,Lanchbury,tlanchbury63@myspace.com,Male,99.45.205.239
221,Demetris,Cumberpatch,dcumberpatch64@illinois.edu,Male,176.130.174.98
222,Lin,Junkinson,ljunkinson65@rediff.com,Genderfluid,15.254.44.20
223,Catarina,Form,cform66@acquirethisname.com,Male,73.52.155.175
224,Kris,Frain,kfrain67@independent.co.uk,Female,35.77.13.212
225,Rowland,Baldick,rbaldick68@symantec.com,Female,3.115.176.122
226,Dode,Eagleston,deagleston69@tinypic.com,Male,54.124.153.197
227,Zita,Esparza,zesparza6a@nsw.gov.au,Female,159.121.119.252
228,Teodoro,McCandie,tmccandie6b@feedburner.com,Female,151.236.222.184
229,Thornie,Killiner,tkilliner6c@state.tx.us,Male,55.212.62.131
230,Joelly,Luipold,jluipold6d@angelfire.com,Female,194.126.255.74
231,Hamid,Ullrich,hullrich6e@hatena.ne.jp,Male,98.48.196.34
232,Loreen,Draisey,ldraisey6f@intel.com,Female,109.96.96.181
233,Marjie,Kleinsinger,mkleinsinger6g@unicef.org,Male,196.247.5.101
234,Merci,Petett,mpetett6h@vistaprint.com,Genderqueer,84.132.116.88
235,Lark,Durbann,ldurbann6i@prnewswire.com,Male,85.105.127.166
236,Herbert,Mackrell,hmackrell6j@sakura.ne.jp,Male,126.88.50.113
237,Del,Frake,dfrake6k@booking.com,Female,65.152.209.241
238,Kerianne,Jelf,kjelf6l@xing.com,Female,226.189.222.237
239,Clarabelle,Tarbert,ctarbert6m@ucsd.edu,Polygender,202.215.9.225
240,Feliks,Minucci,fminucci6n@drupal.org,Female,30.97.220.72
241,Kris,Smallpiece,ksmallpiece6o@cornell.edu,Female,30.113.115.152
242,Arlin,Metcalf,ametcalf6p@instagram.com,Agender,187.190.150.83
243,Cookie,Aslott,caslott6q@craigslist.org,Polygender,108.17.156.148
244,Patrice,Furlong,pfurlong6r@nationalgeographic.com,Male,81.154.47.190
245,Chancey,Sanderson,csanderson6s@yelp.com,Male,23.251.81.87
246,Kilian,Bundy,kbundy6t@answers.com,Female,91.68.148.158
247,Marjie,Bissett,mbissett6u@furl.net,Female,143.23.84.89
248,Mill,Adiscot,madiscot6v@salon.com,Male,33.84.51.196
249,Les,Wallice,lwallice6w@dropbox.com,Female,109.174.10.167
250,Lionello,Skarman,lskarman6x@microsoft.com,Female,128.135.0.209
251,Merrill,Srawley,msrawley6y@un.org,Male,22.175.233.216
252,Rora,Grigaut,rgrigaut6z@thetimes.co.uk,Male,227.74.59.50
253,Shea,Hurdman,shurdman70@slashdot.org,Male,177.234.189.170
254,Marlane,Chelam,mchelam71@google.cn,Female,127.224.249.195
255,Gradey,Culshew,gculshew72@ow.ly,Female,60.121.174.106
256,Felisha,Huitson,fhuitson73@zdnet.com,Female,8.93.55.253
257,Tabbie,Adamiak,tadamiak74@ihg.com,Female,235.42.32.112
258,Sonnie,Matterdace,smatterdace75@pinterest.com,Female,188.61.88.255
259,Eula,Cowperthwaite,ecowperthwaite76@unblog.fr,Female,35.224.7.35
260,Sheila,Ramsdell,sramsdell77@purevolume.com,Male,166.168.231.170
261,Dael,Latan,dlatan78@adobe.com,Polygender,17.57.141.218
262,Cherye,Havercroft,chavercroft79@clickbank.net,Female,239.115.144.180
263,Chen,Huncoot,chuncoot7a@wordpress.org,Female,159.29.245.40
264,Manolo,Ruoff,mruoff7b@cnbc.com,Male,180.59.202.163
265,Coop,Stubbe,cstubbe7c@adobe.com,Female,164.137.101.190
266,Maynard,Irving,mirving7d@icio.us,Female,17.154.6.134
267,Felisha,Byway,fbyway7e@jugem.jp,Male,131.186.123.186
268,Etti,Gres,egres7f@cdc.gov,Male,29.105.203.44
269,Ray,Seamer,rseamer7g@yahoo.com,Male,191.163.199.173
270,Patrick,Kondratovich,pkondratovich7h@booking.com,Male,103.239.58.71
271,Norris,Hanhard,nhanhard7i@yale.edu,Male,98.252.167.157
272,Jacquelynn,Fincke,jfincke7j@hud.gov,Female,134.102.234.53
273,Cherlyn,Girault,cgirault7k@unc.edu,Male,177.50.138.7
274,Faunie,Lamberti,flamberti7l@webnode.com,Female,185.136.199.120
275,Ciel,Traher,ctraher7m@nhs.uk,Male,193.193.234.246
276,Yank,Beatty,ybeatty7n@blog.com,Male,238.97.133.61
277,Katti,Healings,khealings7o@chicagotribune.com,Female,55.159.160.50
278,Iseabal,Greatorex,igreatorex7p@edublogs.org,Female,64.19.2.56
279,Maje,Hancox,mhancox7q@networksolutions.com,Polygender,111.41.184.126
280,Susy,Ferro,sferro7r@joomla.org,Female,4.85.195.198
281,Agace,Billitteri,abillitteri7s@redcross.org,Female,132.74.154.25
282,Gawen,Haggidon,ghaggidon7t@cdc.gov,Female,226.4.77.55
283,Guillemette,Harrower,gharrower7u@amazon.co.uk,Male,227.96.121.59
284,Sully,Conachie,sconachie7v@youtu.be,Female,52.85.149.35
285,Carlyn,Joynes,cjoynes7w@360.cn,Female,172.31.227.87
286,Nilson,MacSween,nmacsween7x@independent.co.uk,Male,53.239.30.32
287,Mel,Harbron,mharbron7y@newyorker.com,Polygender,74.235.66.235
288,Rheba,Breakwell,rbreakwell7z@archive.org,Male,202.81.246.144
289,Rosie,Ringer,rringer80@wikia.com,Male,51.80.34.112
290,Lolly,Impey,limpey81@yellowpages.com,Agender,241.112.65.2
291,Ola,De Caroli,odecaroli82@thetimes.co.uk,Female,92.12.105.166
292,Huntington,Whitlow,hwhitlow83@telegraph.co.uk,Female,210.242.198.232
293,Kevin,Hawney,khawney84@yahoo.co.jp,Polygender,88.133.81.110
294,Sarge,Tossell,stossell85@paypal.com,Female,242.73.84.217
295,Bink,Sandcroft,bsandcroft86@phoca.cz,Female,150.51.218.164
296,Olga,Girardetti,ogirardetti87@acquirethisname.com,Male,233.40.83.156
297,Conway,Newlan,cnewlan88@usa.gov,Female,182.245.80.133
298,Wald,Hilbourne,whilbourne89@alibaba.com,Polygender,111.192.231.68
299,Analiese,Alvy,aalvy8a@instagram.com,Male,180.184.99.109
300,Coop,Leon,cleon8b@ted.com,Female,49.204.81.127
301,Vivyan,Quadrio,vquadrio8c@tripadvisor.com,Male,77.7.182.238
302,Malissia,Braybrooks,mbraybrooks8d@qq.com,Male,75.192.155.232
303,Lindsy,Jurzyk,ljurzyk8e@army.mil,Male,139.234.168.46
304,Frannie,Garford,fgarford8f@netlog.com,Genderqueer,245.235.9.124
305,Sax,Jahan,sjahan8g@independent.co.uk,Male,35.97.188.93
306,Teri,Lindsell,tlindsell8h@newsvine.com,Male,87.195.115.92
307,Kial,Rawlin,krawlin8i@foxnews.com,Female,64.47.22.216
308,Nickie,Scarsbrook,nscarsbrook8j@furl.net,Female,160.15.89.123
309,Barnebas,Bedburrow,bbedburrow8k@theatlantic.com,Male,42.54.173.186
310,Ossie,MacLaren,omaclaren8l@google.com,Female,242.113.164.52
311,Dredi,Lindgren,dlindgren8m@ft.com,Female,89.144.5.177
312,Benedetta,Tooby,btooby8n@java.com,Male,214.17.134.10
313,Bartholomeo,Skin,bskin8o@upenn.edu,Female,207.76.178.114
314,Lenna,Coyett,lcoyett8p@shinystat.com,Male,102.219.208.248
315,Vi,Leah,vleah8q@globo.com,Female,106.173.100.172
316,Falito,Rothery,frothery8r@edublogs.org,Male,204.41.118.248
317,Beaufort,Viccary,bviccary8s@opensource.org,Male,190.65.253.14
318,Colline,Cauldwell,ccauldwell8t@prlog.org,Female,43.208.75.138
319,Elie,Stretton,estretton8u@si.edu,Bigender,130.11.112.126
320,Elenore,Wardhaw,ewardhaw8v@howstuffworks.com,Male,75.116.160.17
321,Linn,Cornner,lcornner8w@kickstarter.com,Female,38.107.215.213
322,Bird,Shoutt,bshoutt8x@aboutads.info,Female,3.85.196.160
323,Ana,Brannon,abrannon8y@storify.com,Male,39.189.197.245
324,Benoit,Scotson,bscotson8z@istockphoto.com,Male,126.164.72.38
325,Ambrosi,Murney,amurney90@hexun.com,Female,168.193.38.131
326,Jordanna,Gobeau,jgobeau91@salon.com,Male,113.216.148.203
327,Alma,Tolliday,atolliday92@51.la,Male,236.204.135.128
328,Amalie,Micco,amicco93@pbs.org,Female,13.186.126.127
329,Auria,Garlick,agarlick94@privacy.gov.au,Female,30.167.227.20
330,Nina,Writtle,nwrittle95@phpbb.com,Male,5.115.230.253
331,Kellyann,Haxbie,khaxbie96@google.ca,Female,79.135.47.42
332,Caron,Cammiemile,ccammiemile97@diigo.com,Female,16.120.208.250
333,Teena,Dougliss,tdougliss98@wikia.com,Male,78.197.41.91
334,Dinah,Kibblewhite,dkibblewhite99@pen.io,Female,198.115.41.62
335,Fonsie,Addicott,faddicott9a@technorati.com,Male,33.140.76.155
336,Meta,Dundredge,mdundredge9b@prnewswire.com,Genderfluid,243.110.134.2
337,Englebert,Bloodworth,ebloodworth9c@who.int,Male,118.109.106.196
338,Orv,Woodrup,owoodrup9d@prlog.org,Agender,159.14.34.35
339,Annabela,Terbruggen,aterbruggen9e@gmpg.org,Female,7.205.168.48
340,Kerry,Klima,kklima9f@usa.gov,Female,61.218.196.224
341,Selinda,Dymoke,sdymoke9g@blinklist.com,Female,86.105.67.3
342,Josee,Greaser,jgreaser9h@tinypic.com,Genderqueer,18.206.99.69
343,Amandie,Jeger,ajeger9i@rediff.com,Female,57.196.160.80
344,Georgine,Peeters,gpeeters9j@mit.edu,Bigender,149.87.86.141
345,Juanita,Duker,jduker9k@chronoengine.com,Female,203.23.86.168
346,Melina,Broomer,mbroomer9l@list-manage.com,Female,68.39.52.242
347,Jeane,Fidgeon,jfidgeon9m@scribd.com,Female,86.45.245.242
348,Nealon,Badsworth,nbadsworth9n@ftc.gov,Male,195.234.73.38
349,Cos,Kyle,ckyle9o@hhs.gov,Male,147.172.177.164
350,Any,Terese,aterese9p@diigo.com,Polygender,199.116.84.116
351,Luci,Garmons,lgarmons9q@msu.edu,Female,14.45.111.97
352,Raul,Lukianovich,rlukianovich9r@noaa.gov,Agender,61.184.102.227
353,Nickola,Broscombe,nbroscombe9s@e-recht24.de,Female,248.113.133.194
354,Ellery,Olding,eolding9t@xrea.com,Male,214.51.102.157
355,Joceline,Jehaes,jjehaes9u@technorati.com,Female,72.206.98.79
356,Hernando,Philippet,hphilippet9v@nydailynews.com,Male,187.78.197.114
357,Henri,Chidler,hchidler9w@hexun.com,Genderqueer,167.31.142.153
358,Allis,Stallibrass,astallibrass9x@aboutads.info,Polygender,168.12.145.59
359,Kurt,Haddleston,khaddleston9y@omniture.com,Male,97.61.252.220
360,Purcell,Bram,pbram9z@netscape.com,Male,53.116.13.104
361,Karoline,Salvin,ksalvina0@businessinsider.com,Female,87.249.7.66
362,Caye,Archdeacon,carchdeacona1@nasa.gov,Genderqueer,198.37.50.246
363,Alvina,MacGorrie,amacgorriea2@wikispaces.com,Female,165.3.49.165
364,Clarisse,Curzon,ccurzona3@dion.ne.jp,Polygender,107.77.39.214
365,Gaultiero,De Gogay,gdegogaya4@stumbleupon.com,Male,95.201.224.219
366,Aeriell,Myner,amynera5@dailymail.co.uk,Male,103.237.115.77
367,Shea,Brimman,sbrimmana6@ocn.ne.jp,Male,144.73.52.3
368,Timmie,Iggo,tiggoa7@archive.org,Female,188.106.6.198
369,Imogen,Barnwill,ibarnwilla8@usgs.gov,Female,51.43.80.86
370,Blakeley,Dunlap,bdunlapa9@bigcartel.com,Male,24.115.129.16
371,Ashely,Jochen,ajochenaa@census.gov,Male,181.228.136.118
372,Shaine,Hardey,shardeyab@barnesandnoble.com,Male,218.98.135.152
373,Berton,Wolffers,bwolffersac@unesco.org,Female,211.32.52.138
374,Licha,Rein,lreinad@tmall.com,Female,129.7.169.148
375,Malcolm,Hinckesman,mhinckesmanae@fda.gov,Male,232.196.192.182
376,Reggis,Elmar,relmaraf@360.cn,Female,198.198.67.208
377,Tarra,Hendrick,thendrickag@google.ca,Male,214.193.77.144
378,Alexio,Seater,aseaterah@pinterest.com,Female,174.0.255.120
379,Menard,Cantrell,mcantrellai@seesaa.net,Female,18.168.181.38
380,Sigmund,Berrey,sberreyaj@latimes.com,Female,15.237.239.73
381,Anette,Romagosa,aromagosaak@phpbb.com,Agender,32.53.126.160
382,Bennie,Lalor,blaloral@smugmug.com,Female,195.49.163.23
383,Jerry,holmes,jholmesam@lulu.com,Female,137.150.111.184
384,Bobbette,Fleay,bfleayan@homestead.com,Female,128.61.222.199
385,Robby,Gourlay,rgourlayao@dell.com,Male,80.193.13.190
386,Cecile,Parmer,cparmerap@fastcompany.com,Female,233.131.208.127
387,Gunner,Dukesbury,gdukesburyaq@youku.com,Female,6.166.130.228
388,Ninnetta,Beller,nbellerar@123-reg.co.uk,Female,146.12.141.155
389,Halette,Moncaster,hmoncasteras@mediafire.com,Male,183.177.55.233
390,Natalya,Searles,nsearlesat@elpais.com,Non-binary,170.90.207.151
391,Lilla,Blease,lbleaseau@cocolog-nifty.com,Male,83.72.148.99
392,Melissa,O'Reilly,moreillyav@altervista.org,Female,78.147.51.25
393,Bettine,Craighill,bcraighillaw@virginia.edu,Female,142.2.83.178
394,Gregoire,Cockton,gcocktonax@e-recht24.de,Female,40.55.31.207
395,Corie,McLaine,cmclaineay@networksolutions.com,Female,102.11.67.169
396,Virginie,MacBey,vmacbeyaz@msu.edu,Agender,40.174.165.177
397,Caria,Corck,ccorckb0@harvard.edu,Female,3.161.41.68
398,Anastasia,Kirton,akirtonb1@trellian.com,Male,206.133.17.77
399,Pamelina,Decent,pdecentb2@goo.gl,Male,198.124.10.194
400,Dottie,Taunton,dtauntonb3@vinaora.com,Female,235.99.184.187
401,Neile,Brickhill,nbrickhillb4@goo.ne.jp,Female,155.138.38.217
402,Lincoln,Harvatt,lharvattb5@google.co.jp,Male,28.25.229.31
403,Josefa,Sweeting,jsweetingb6@myspace.com,Agender,21.3.6.117
404,Anderea,Spurret,aspurretb7@unblog.fr,Male,49.185.154.209
405,Esma,Mitchley,emitchleyb8@csmonitor.com,Male,81.24.173.33
406,Ainsley,Hamilton,ahamiltonb9@chron.com,Polygender,198.251.113.42
407,Nevile,Soffe,nsoffeba@hao123.com,Male,12.85.181.171
408,Kleon,Plenty,kplentybb@imgur.com,Female,152.165.102.197
409,Janaya,Juggings,jjuggingsbc@guardian.co.uk,Female,99.34.253.217
410,Dosi,Brickdale,dbrickdalebd@oaic.gov.au,Male,140.119.240.195
411,Weider,Orris,worrisbe@goo.gl,Female,148.59.118.84
412,Raychel,Pristnor,rpristnorbf@army.mil,Female,241.27.35.20
413,Britt,Brick,bbrickbg@taobao.com,Genderqueer,6.31.67.251
414,Grissel,Gai,ggaibh@narod.ru,Female,46.47.104.75
415,Jacinthe,Thoresbie,jthoresbiebi@oracle.com,Female,150.67.75.143
416,Weber,Bosley,wbosleybj@fotki.com,Female,236.239.240.58
417,Deonne,Mitchell,dmitchellbk@macromedia.com,Male,39.160.144.71
418,Rachael,Imlacke,rimlackebl@tamu.edu,Agender,11.205.195.123
419,Gisele,Pyper,gpyperbm@creativecommons.org,Male,152.217.130.217
420,Charmaine,Layhe,clayhebn@unicef.org,Male,164.166.107.92
421,Kenyon,Welds,kweldsbo@admin.ch,Female,42.80.234.31
422,Jonas,Grimsditch,jgrimsditchbp@google.com.au,Female,152.84.43.34
423,Josiah,Bernardoni,jbernardonibq@jimdo.com,Female,5.94.79.60
424,Angelle,Folkerd,afolkerdbr@printfriendly.com,Male,239.114.238.57
425,Cyrille,McGeouch,cmcgeouchbs@dyndns.org,Genderqueer,63.57.85.98
426,Reiko,Postan,rpostanbt@ft.com,Male,118.26.201.97
427,Evelina,Raffels,eraffelsbu@ebay.co.uk,Male,115.3.22.173
428,Brook,Joicey,bjoiceybv@latimes.com,Male,251.93.233.115
429,Arni,Decruse,adecrusebw@huffingtonpost.com,Male,171.126.103.58
430,Adoree,Wycliffe,awycliffebx@4shared.com,Female,215.233.18.233
431,Andi,Barthropp,abarthroppby@wikimedia.org,Male,121.77.74.148
432,Gabriellia,Gerrelts,ggerreltsbz@nydailynews.com,Female,246.139.181.151
433,Hyatt,Jiroudek,hjiroudekc0@about.com,Female,237.248.184.191
434,Normy,Pim,npimc1@irs.gov,Male,60.229.222.250
435,Jocelyn,Crickmoor,jcrickmoorc2@nifty.com,Female,192.116.139.80
436,Jarred,Gerred,jgerredc3@biglobe.ne.jp,Male,158.52.45.40
437,Farris,Charville,fcharvillec4@trellian.com,Agender,85.204.114.52
438,Pablo,Hort,phortc5@exblog.jp,Agender,41.128.116.161
439,Laurice,Garmanson,lgarmansonc6@nps.gov,Female,122.113.85.109
440,Darcee,Golton,dgoltonc7@goodreads.com,Bigender,123.181.235.174
441,Perle,Raggitt,praggittc8@wufoo.com,Male,104.214.252.23
442,Torey,Storms,tstormsc9@fda.gov,Male,210.235.224.92
443,Sharla,Jeschner,sjeschnerca@google.es,Male,143.117.128.168
444,Ailsun,Donizeau,adonizeaucb@unicef.org,Male,254.167.218.40
445,Blayne,Briance,bbriancecc@upenn.edu,Female,11.139.6.99
446,Aurore,Edlin,aedlincd@indiatimes.com,Female,240.56.48.182
447,Olwen,Olek,oolekce@reuters.com,Female,2.64.117.20
448,Karee,Geraudy,kgeraudycf@hp.com,Female,167.68.156.113
449,Norine,Maryan,nmaryancg@hugedomains.com,Genderqueer,166.12.46.129
450,Perry,Echalie,pechaliech@xrea.com,Female,241.249.10.22
451,Hart,Flatman,hflatmanci@skyrock.com,Male,165.116.136.9
452,Andrej,Guthrie,aguthriecj@ovh.net,Female,122.181.23.254
453,Dane,Elesander,delesanderck@yelp.com,Male,85.216.177.129
454,Bard,Faich,bfaichcl@g.co,Male,198.179.79.208
455,Kort,Davidovics,kdavidovicscm@163.com,Bigender,155.217.199.191
456,Gherardo,McSkeagan,gmcskeagancn@nymag.com,Male,255.125.148.169
457,Alyosha,Shory,ashoryco@disqus.com,Male,191.146.8.233
458,Alecia,Oloshin,aoloshincp@nature.com,Male,179.201.93.12
459,Silvia,Kehoe,skehoecq@sphinn.com,Male,242.210.116.159
460,Katharine,Collen,kcollencr@xrea.com,Genderqueer,167.156.159.124
461,Jim,Graves,jgravescs@flavors.me,Genderqueer,193.133.247.105
462,Verile,Sherwill,vsherwillct@odnoklassniki.ru,Male,91.99.217.168
463,Jone,Eddie,jeddiecu@irs.gov,Male,108.178.124.180
464,Elva,Durber,edurbercv@altervista.org,Female,180.119.58.209
465,Raphael,Sloegrave,rsloegravecw@yahoo.com,Male,138.33.182.39
466,Markos,Van der Beek,mvanderbeekcx@google.cn,Female,218.220.6.165
467,Dal,Barthelme,dbarthelmecy@newsvine.com,Male,2.211.163.217
468,Melva,Devereu,mdevereucz@amazon.com,Female,177.183.107.248
469,Aime,Knightsbridge,aknightsbridged0@goo.gl,Male,7.199.65.153
470,Mignonne,Horley,mhorleyd1@woothemes.com,Female,109.108.164.64
471,Edouard,Titmarsh,etitmarshd2@irs.gov,Female,108.224.165.109
472,Stuart,Huxstep,shuxstepd3@amazonaws.com,Male,222.232.231.214
473,Vanessa,Jarrad,vjarradd4@free.fr,Female,63.24.5.240
474,Nollie,Thornthwaite,nthornthwaited5@vkontakte.ru,Female,45.226.64.115
475,Feliza,Itzcovichch,fitzcovichchd6@wisc.edu,Female,245.208.213.202
476,Berrie,Eye,beyed7@usda.gov,Female,62.171.217.246
477,Meg,Trevain,mtrevaind8@google.ru,Male,7.249.130.31
478,Melody,Broxap,mbroxapd9@un.org,Male,108.14.233.14
479,April,Paffitt,apaffittda@bbb.org,Female,146.221.121.197
480,Fredelia,Banfill,fbanfilldb@pinterest.com,Non-binary,16.109.27.206
481,Brennan,Wasbey,bwasbeydc@wufoo.com,Male,228.84.5.88
482,Porty,Aikin,paikindd@pen.io,Female,174.21.126.32
483,Mela,Ilchuk,milchukde@yandex.ru,Male,85.200.155.170
484,Ladonna,Bolton,lboltondf@kickstarter.com,Female,236.51.247.170
485,Ferrel,Coen,fcoendg@illinois.edu,Male,14.48.40.239
486,Darrick,Da Costa,ddacostadh@4shared.com,Female,254.23.3.93
487,Auria,Pretsell,apretselldi@mediafire.com,Male,96.161.186.216
488,Sheena,Atherton,sathertondj@digg.com,Male,253.241.153.166
489,Urbano,Scatchar,uscatchardk@instagram.com,Female,78.237.142.112
490,Maureene,Kennington,mkenningtondl@mail.ru,Male,142.208.139.46
491,Dasya,Crone,dcronedm@google.com.hk,Male,109.82.207.22
492,Dorthy,Rounsefell,drounsefelldn@e-recht24.de,Male,30.217.209.82
493,Cecilia,Plumbley,cplumbleydo@yahoo.com,Male,58.247.253.21
494,Jorgan,Grouse,jgrousedp@wiley.com,Polygender,87.51.225.129
495,Jeff,Jakeway,jjakewaydq@instagram.com,Male,41.228.105.157
496,Bettine,Bettinson,bbettinsondr@latimes.com,Male,27.138.147.124
497,Winnifred,McGiffie,wmcgiffieds@macromedia.com,Male,94.161.153.18
498,Bartram,Eye,beyedt@columbia.edu,Polygender,134.10.229.119
499,Kati,Armin,karmindu@businessinsider.com,Female,240.210.140.27
500,Maddalena,Boullen,mboullendv@about.com,Female,214.150.191.41
501,Tricia,Fellini,tfellinidw@google.de,Male,223.212.206.224
502,Berny,Ccomini,bccominidx@umn.edu,Genderqueer,27.112.61.74
503,Weston,Markova,wmarkovady@sogou.com,Male,76.9.6.72
504,Chrotoem,Faithfull,cfaithfulldz@hostgator.com,Female,245.170.184.133
505,Laurianne,Braddon,lbraddone0@diigo.com,Male,240.0.6.102
506,Lilith,Pavolillo,lpavolilloe1@sakura.ne.jp,Male,49.1.81.4
507,Dale,Tudgay,dtudgaye2@bbb.org,Male,141.9.53.216
508,Kassandra,Mousby,kmousbye3@t-online.de,Bigender,165.73.130.147
509,Calla,Nordass,cnordasse4@nbcnews.com,Female,158.190.28.136
510,Lara,Bickerstaffe,lbickerstaffee5@cisco.com,Male,78.41.62.41
511,Townsend,Titt,ttitte6@shop-pro.jp,Male,218.233.128.100
512,Leslie,Mayne,lmaynee7@ycombinator.com,Male,175.217.119.152
513,Hilliary,Grabiec,hgrabiece8@ustream.tv,Male,57.134.135.78
514,Allix,Frounks,afrounkse9@sphinn.com,Male,36.201.157.17
515,Jill,Demsey,jdemseyea@odnoklassniki.ru,Female,200.90.183.228
516,Roshelle,Le Marquis,rlemarquiseb@utexas.edu,Female,251.6.202.55
517,Bobina,Barthel,bbarthelec@webs.com,Male,177.242.55.7
518,Jeremy,Lickess,jlickessed@ibm.com,Male,168.80.138.193
519,Andrus,Duffin,aduffinee@google.co.jp,Male,91.238.240.225
520,Deeyn,Armes,darmesef@smh.com.au,Male,245.235.91.193
521,Sibella,Doy,sdoyeg@delicious.com,Male,123.204.39.168
522,Sutherland,O'Sheilds,sosheildseh@icio.us,Female,123.237.173.110
523,Brittne,Perrat,bperratei@netscape.com,Female,104.46.106.123
524,Emalia,Brandle,ebrandleej@surveymonkey.com,Male,57.250.184.143
525,Joannes,Hanssmann,jhanssmannek@state.tx.us,Female,203.112.57.255
526,Porter,Powys,ppowysel@miitbeian.gov.cn,Male,220.136.234.223
527,Berk,Cowpe,bcowpeem@ow.ly,Female,217.87.163.252
528,Randy,Liccardi,rliccardien@nymag.com,Female,94.53.44.253
529,Pat,Sacchetti,psacchettieo@wired.com,Male,5.251.9.242
530,Claudian,Entissle,centissleep@hibu.com,Male,113.87.80.248
531,Audre,Planks,aplankseq@arizona.edu,Female,25.181.5.92
532,Jarrid,Santi,jsantier@cmu.edu,Male,58.61.203.43
533,Pryce,Truder,ptruderes@wufoo.com,Polygender,247.72.254.29
534,Irma,LaBastida,ilabastidaet@list-manage.com,Female,149.241.4.10
535,Dolly,Revill,drevilleu@apache.org,Female,209.84.211.86
536,Ricky,Rickardes,rrickardesev@dyndns.org,Female,210.95.239.4
537,Timotheus,Sketch,tsketchew@acquirethisname.com,Male,232.136.74.228
538,Amii,Miner,aminerex@themeforest.net,Male,62.98.215.231
539,Arnoldo,Kira,akiraey@homestead.com,Female,139.174.57.171
540,Blondell,Shillington,bshillingtonez@spiegel.de,Male,196.71.77.224
541,Devina,Emett,demettf0@samsung.com,Female,251.130.254.31
542,Ethelyn,Langfat,elangfatf1@foxnews.com,Female,104.164.155.218
543,Gayle,Littrik,glittrikf2@jugem.jp,Female,51.235.178.158
544,Darcy,Gommes,dgommesf3@discovery.com,Female,171.203.63.0
545,Erika,Portman,eportmanf4@noaa.gov,Male,198.234.60.212
546,Timotheus,Urwen,turwenf5@who.int,Male,64.239.100.239
547,Elvyn,Weare,ewearef6@mit.edu,Male,102.209.197.3
548,Reilly,Ties,rtiesf7@ucsd.edu,Male,40.58.88.196
549,Nicole,Renackowna,nrenackownaf8@europa.eu,Male,115.4.67.14
550,Krystal,Schwartz,kschwartzf9@canalblog.com,Female,24.61.103.117
551,Alex,Matthew,amatthewfa@parallels.com,Female,174.190.254.6
552,Luella,Roycroft,lroycroftfb@scribd.com,Male,228.167.19.171
553,Joey,Neumann,jneumannfc@kickstarter.com,Male,57.170.88.98
554,Maynard,Domsalla,mdomsallafd@whitehouse.gov,Female,86.227.138.29
555,Gay,McLane,gmclanefe@themeforest.net,Female,200.202.221.14
556,Nanny,Samwell,nsamwellff@infoseek.co.jp,Female,55.182.150.140
557,Stacey,Smithen,ssmithenfg@google.com.hk,Male,209.149.228.129
558,Meade,Carnegie,mcarnegiefh@gizmodo.com,Male,105.114.2.48
559,Zak,Ilyukhov,zilyukhovfi@surveymonkey.com,Male,28.103.193.30
560,Jakob,Godsal,jgodsalfj@geocities.com,Male,199.71.244.99
561,Damara,Doe,ddoefk@paypal.com,Male,205.103.208.62
562,Alfons,Petrushkevich,apetrushkevichfl@istockphoto.com,Genderfluid,108.51.202.58
563,Honor,Whellams,hwhellamsfm@reverbnation.com,Female,233.217.202.215
564,Brittni,Kaplan,bkaplanfn@mlb.com,Female,179.228.254.12
565,Yelena,Howsan,yhowsanfo@cafepress.com,Male,201.219.15.182
566,Felipe,Cullin,fcullinfp@com.com,Male,197.52.182.47
567,Rosamond,Bouller,rboullerfq@cdc.gov,Male,190.81.97.114
568,Berti,Greenhalf,bgreenhalffr@japanpost.jp,Male,113.57.222.107
569,Georgeanne,Gaskell,ggaskellfs@elpais.com,Female,26.249.65.109
570,Pierson,Antonoczyk,pantonoczykft@squarespace.com,Female,49.103.7.200
571,Louis,Dryden,ldrydenfu@eventbrite.com,Male,205.190.233.83
572,Tobias,Matessian,tmatessianfv@examiner.com,Male,237.112.163.224
573,Dewitt,Rolfe,drolfefw@fotki.com,Male,105.167.220.183
574,Sadella,Maycock,smaycockfx@amazonaws.com,Male,110.250.128.134
575,Major,Uebel,muebelfy@tuttocitta.it,Non-binary,175.167.33.1
576,Alphonse,Dionisi,adionisifz@spotify.com,Female,126.168.98.15
577,Diahann,Probbing,dprobbingg0@weather.com,Female,236.131.133.129
578,Lorain,Stillgoe,lstillgoeg1@weebly.com,Female,50.94.86.115
579,Sharl,Kinnier,skinnierg2@storify.com,Male,211.187.211.108
580,Dalton,Vasyagin,dvasyaging3@craigslist.org,Male,228.92.61.132
581,Tyler,Bachnic,tbachnicg4@nih.gov,Female,123.108.53.191
582,Abby,Grindell,agrindellg5@privacy.gov.au,Female,37.197.138.234
583,Syd,Bernardeau,sbernardeaug6@go.com,Male,151.60.49.221
584,Lyman,Da Costa,ldacostag7@imageshack.us,Male,25.217.217.237
585,Vinny,McQuorkell,vmcquorkellg8@delicious.com,Male,217.167.115.233
586,Elva,Labern,elaberng9@oakley.com,Female,71.145.24.138
587,Bernita,Hambright,bhambrightga@arstechnica.com,Male,67.105.36.114
588,Judas,Heggadon,jheggadongb@seattletimes.com,Male,216.8.250.66
589,Walliw,Gapper,wgappergc@ezinearticles.com,Female,79.152.206.2
590,Tarrance,Lanyon,tlanyongd@tinyurl.com,Male,97.41.143.183
591,Minor,Lesmonde,mlesmondege@si.edu,Male,51.85.205.234
592,Jilly,Badrock,jbadrockgf@ihg.com,Genderqueer,212.95.123.12
593,Quent,Quilleash,qquilleashgg@hc360.com,Male,54.116.229.14
594,Xerxes,Roubert,xroubertgh@seattletimes.com,Genderqueer,232.70.29.40
595,Crysta,Wightman,cwightmangi@forbes.com,Male,111.81.89.195
596,Leola,Dowrey,ldowreygj@shinystat.com,Male,167.159.61.160
597,Archie,Bettles,abettlesgk@so-net.ne.jp,Female,235.11.152.33
598,Al,Kemmett,akemmettgl@woothemes.com,Male,181.213.229.183
599,Belita,Paddon,bpaddongm@lulu.com,Female,112.28.20.70
600,Rudd,Dench,rdenchgn@mapquest.com,Male,187.19.130.127
601,Ginnifer,Abbess,gabbessgo@mashable.com,Male,57.188.52.169
602,Theobald,Brimmell,tbrimmellgp@google.com,Female,33.97.23.121
603,Karee,Mohamed,kmohamedgq@purevolume.com,Female,86.110.108.89
604,Clifford,Chazelle,cchazellegr@discovery.com,Female,12.194.24.211
605,Felicio,Sapp,fsappgs@flickr.com,Female,255.20.128.100
606,Odey,Reneke,orenekegt@shinystat.com,Agender,93.50.73.135
607,Viva,Anfusso,vanfussogu@cnet.com,Female,209.160.49.179
608,Korrie,Tavernor,ktavernorgv@sitemeter.com,Genderfluid,84.153.221.132
609,Aluin,Grolmann,agrolmanngw@tamu.edu,Male,3.82.179.37
610,Whit,Eckhard,weckhardgx@europa.eu,Male,99.32.243.27
611,Etienne,Degue,edeguegy@shareasale.com,Male,104.201.108.156
612,Loise,Toothill,ltoothillgz@imdb.com,Female,212.86.99.90
613,Karon,Churchley,kchurchleyh0@howstuffworks.com,Female,42.84.92.62
614,Dannie,Petherick,dpetherickh1@independent.co.uk,Male,192.140.220.56
615,Jamie,Hallihane,jhallihaneh2@delicious.com,Male,222.243.208.254
616,Manfred,Brayshaw,mbrayshawh3@multiply.com,Male,169.72.108.151
617,Cornie,Deetch,cdeetchh4@ebay.com,Female,236.12.20.156
618,Garey,Sebrook,gsebrookh5@infoseek.co.jp,Male,178.239.210.11
619,Marco,Mathy,mmathyh6@mail.ru,Female,247.17.25.135
620,Hunt,Kyte,hkyteh7@sfgate.com,Female,248.127.51.57
621,Jareb,Geane,jgeaneh8@php.net,Male,226.187.2.18
622,Phillis,Boulstridge,pboulstridgeh9@github.io,Female,55.26.93.12
623,Christabel,Laycock,claycockha@zimbio.com,Female,110.72.226.253
624,Margery,McGettigan,mmcgettiganhb@privacy.gov.au,Male,241.151.90.41
625,Ericka,Ricson,ericsonhc@state.tx.us,Female,234.113.203.43
626,Lorraine,Corryer,lcorryerhd@vinaora.com,Male,248.7.180.224
627,Ripley,Tompkin,rtompkinhe@squidoo.com,Male,196.20.26.43
628,Leupold,Ivanishev,livanishevhf@vimeo.com,Female,14.41.106.133
629,Obed,Bruntjen,obruntjenhg@japanpost.jp,Agender,60.78.233.177
630,Nicolea,Abrahamoff,nabrahamoffhh@thetimes.co.uk,Female,244.8.120.104
631,Kermit,Abethell,kabethellhi@parallels.com,Male,12.1.251.12
632,Lulita,Pound,lpoundhj@tiny.cc,Female,185.61.80.247
633,Albina,Milan,amilanhk@yelp.com,Female,223.58.63.115
634,Pooh,Iddenden,piddendenhl@businesswire.com,Female,153.23.8.242
635,Janek,Semered,jsemeredhm@discovery.com,Male,47.240.150.123
636,Tadeas,Ivashnyov,tivashnyovhn@craigslist.org,Male,120.12.101.158
637,Sharyl,Ballance,sballanceho@miitbeian.gov.cn,Female,16.156.232.239
638,Delmer,Elphinstone,delphinstonehp@uiuc.edu,Male,210.36.93.100
639,Dorie,Clifft,dcliffthq@theglobeandmail.com,Genderfluid,101.118.191.38
640,Tova,Boise,tboisehr@xing.com,Female,62.186.69.31
641,Corty,Bubbins,cbubbinshs@netvibes.com,Female,134.22.152.155
642,Elihu,Stonhewer,estonhewerht@dot.gov,Female,37.80.196.131
643,Eleen,Vynoll,evynollhu@twitter.com,Male,210.159.134.255
644,Ebba,Silversmidt,esilversmidthv@hostgator.com,Male,213.26.85.140
645,Philly,Garrit,pgarrithw@umn.edu,Male,140.89.227.71
646,Camilla,Skettles,cskettleshx@nymag.com,Male,4.213.155.98
647,Leonie,Stone Fewings,lstonefewingshy@1688.com,Male,51.179.141.187
648,Sela,Dunbar,sdunbarhz@purevolume.com,Male,228.116.21.198
649,Felicity,Rowlings,frowlingsi0@theatlantic.com,Male,191.22.76.1
650,Ilse,Whitlock,iwhitlocki1@google.com.hk,Male,39.142.237.197
651,Editha,MacCosty,emaccostyi2@infoseek.co.jp,Male,157.207.94.24
652,Albrecht,Manlow,amanlowi3@canalblog.com,Male,74.111.188.49
653,Miof mela,Gallagher,mgallagheri4@google.de,Male,48.218.206.47
654,Linzy,Syde,lsydei5@goo.gl,Male,117.120.71.185
655,Jerrilee,Longo,jlongoi6@fc2.com,Female,115.63.246.161
656,Bernhard,Marquot,bmarquoti7@jugem.jp,Male,71.215.157.105
657,Jacques,Broske,jbroskei8@github.io,Genderqueer,243.216.132.30
658,Jobey,Adolfson,jadolfsoni9@xrea.com,Female,214.131.129.251
659,Nels,Ubsdell,nubsdellia@163.com,Male,86.115.253.206
660,Fields,Wortman,fwortmanib@opera.com,Male,101.12.90.198
661,Juliane,Bourdel,jbourdelic@si.edu,Male,158.147.53.255
662,Zerk,Gergus,zgergusid@skype.com,Male,2.60.195.159
663,Rora,Thomas,rthomasie@comcast.net,Male,169.123.92.33
664,Rupert,Goulbourn,rgoulbournif@hibu.com,Male,51.3.10.94
665,Ev,Zealey,ezealeyig@cnet.com,Male,77.215.160.243
666,Nev,Bockett,nbockettih@cbsnews.com,Male,26.149.119.75
667,Darleen,Karoly,dkarolyii@is.gd,Male,207.119.127.54
668,Una,Baggaley,ubaggaleyij@wired.com,Male,103.40.176.145
669,Duane,Kinder,dkinderik@bloglovin.com,Female,145.226.109.169
670,Garner,Brownsmith,gbrownsmithil@latimes.com,Female,12.213.73.111
671,Feodor,Hinrich,fhinrichim@imgur.com,Male,16.65.148.146
672,Niki,Scurrer,nscurrerin@mlb.com,Female,144.162.238.75
673,Weber,Ruffell,wruffellio@over-blog.com,Male,18.8.31.127
674,Jillana,Kebbell,jkebbellip@howstuffworks.com,Female,206.217.86.221
675,Lucio,Dhennin,ldhenniniq@psu.edu,Female,244.241.161.25
676,Damon,Cayette,dcayetteir@timesonline.co.uk,Female,87.31.121.105
677,Hasty,Everiss,heverissis@smugmug.com,Female,85.112.50.23
678,Teddie,Baraclough,tbaracloughit@trellian.com,Female,41.62.199.140
679,Maryanna,Morriss,mmorrissiu@nytimes.com,Male,154.199.16.20
680,Holden,Lemonnier,hlemonnieriv@mtv.com,Female,227.196.151.55
681,Cody,Oates,coatesiw@live.com,Male,116.236.174.69
682,Earlie,Linnane,elinnaneix@smh.com.au,Male,54.190.73.235
683,Marge,MacQuaker,mmacquakeriy@usnews.com,Male,111.132.199.48
684,Dunn,Franciskiewicz,dfranciskiewicziz@prnewswire.com,Male,10.101.2.65
685,Urbano,Jiracek,ujiracekj0@loc.gov,Female,124.151.163.231
686,Delcina,Van den Broek,dvandenbroekj1@blog.com,Female,199.115.178.8
687,Dylan,Chesley,dchesleyj2@pinterest.com,Female,65.127.133.81
688,Phillip,Dallison,pdallisonj3@storify.com,Male,197.46.164.97
689,Ollie,Loyndon,oloyndonj4@toplist.cz,Polygender,156.208.41.77
690,Richart,Tunnah,rtunnahj5@si.edu,Female,100.108.139.27
691,Torrie,Beddingham,tbeddinghamj6@bbb.org,Genderfluid,71.50.240.212
692,Culley,Pierucci,cpieruccij7@technorati.com,Male,77.153.127.254
693,Viole,Walklot,vwalklotj8@usa.gov,Female,202.67.85.75
694,Kitty,Dericot,kdericotj9@squarespace.com,Female,154.22.50.202
695,Celinda,Rachuig,crachuigja@ucla.edu,Male,127.193.64.91
696,Evie,Adlington,eadlingtonjb@house.gov,Male,249.158.126.240
697,Cristine,Humphery,chumpheryjc@google.com.br,Female,215.211.73.39
698,Waneta,Pendreigh,wpendreighjd@si.edu,Non-binary,35.21.7.223
699,Randell,Westfield,rwestfieldje@unicef.org,Female,181.195.251.231
700,Konrad,Cowton,kcowtonjf@mit.edu,Male,48.0.230.206
701,Ferd,Jindracek,fjindracekjg@reference.com,Female,80.200.167.73
702,Dominic,Michelle,dmichellejh@naver.com,Female,128.17.152.180
703,Gustaf,Arend,garendji@mapquest.com,Female,98.35.104.31
704,Guinna,Leake,gleakejj@mozilla.com,Non-binary,116.154.164.248
705,Gannon,Ollarenshaw,gollarenshawjk@dropbox.com,Male,231.31.128.103
706,Lizzie,Forrestill,lforrestilljl@reddit.com,Male,202.243.246.109
707,Royal,Nafzger,rnafzgerjm@cnn.com,Female,134.14.0.28
708,Raul,Farquar,rfarquarjn@newsvine.com,Male,163.144.203.6
709,Ax,Cellone,acellonejo@ehow.com,Female,211.37.143.136
710,Reina,Dorie,rdoriejp@geocities.com,Female,115.236.176.208
711,Dalia,Low,dlowjq@cmu.edu,Female,241.67.229.53
712,Beryl,Dugmore,bdugmorejr@gravatar.com,Male,6.78.229.112
713,Eadie,Carrol,ecarroljs@cnet.com,Male,82.133.44.119
714,Dael,Abbatucci,dabbatuccijt@freewebs.com,Male,195.189.223.118
715,Allys,Sayle,asayleju@imageshack.us,Female,19.84.141.134
716,Vinnie,De Giorgi,vdegiorgijv@amazon.co.jp,Male,141.17.8.197
717,Fairleigh,Sutworth,fsutworthjw@free.fr,Female,247.52.207.212
718,Edith,Innerstone,einnerstonejx@networksolutions.com,Female,29.238.94.91
719,Neville,Coppledike,ncoppledikejy@ox.ac.uk,Male,119.81.187.29
720,Anastasie,Isakson,aisaksonjz@usatoday.com,Male,199.208.88.19
721,Theadora,Churcher,tchurcherk0@cnn.com,Female,100.132.73.207
722,Jakob,Vince,jvincek1@seesaa.net,Female,159.50.181.0
723,Janeczka,Scopes,jscopesk2@mozilla.org,Male,92.186.213.70
724,Darryl,Birrell,dbirrellk3@harvard.edu,Male,146.6.78.211
725,Amalee,Kilmurray,akilmurrayk4@moonfruit.com,Bigender,126.240.170.115
726,Celestina,Gosden,cgosdenk5@facebook.com,Male,84.196.18.70
727,Torr,Daft,tdaftk6@histats.com,Male,145.4.27.47
728,Essa,Brixey,ebrixeyk7@google.com.hk,Female,247.211.58.204
729,Corinne,Selcraig,cselcraigk8@acquirethisname.com,Female,14.189.100.96
730,Miriam,Goldup,mgoldupk9@mtv.com,Female,112.136.62.192
731,Annemarie,Edmundson,aedmundsonka@npr.org,Female,99.205.92.12
732,Mayor,Tortice,mtorticekb@java.com,Male,78.199.155.52
733,Allegra,Engel,aengelkc@ning.com,Female,193.230.22.210
734,Mallory,Dron,mdronkd@timesonline.co.uk,Male,140.96.144.171
735,Melinda,Cleyne,mcleyneke@tinyurl.com,Female,32.158.154.102
736,Corabella,Glasscott,cglasscottkf@berkeley.edu,Female,93.56.163.42
737,Meagan,Tilliards,mtilliardskg@twitpic.com,Female,12.177.188.123
738,Nadia,Orvis,norviskh@eventbrite.com,Female,126.87.70.43
739,Alejandrina,Pennino,apenninoki@zimbio.com,Female,36.147.116.16
740,Andonis,Gaffer,agafferkj@businessinsider.com,Male,22.193.76.206
741,Randie,Westrip,rwestripkk@gnu.org,Male,52.148.234.251
742,Tito,Nevins,tnevinskl@gov.uk,Male,229.15.246.111
743,Moe,Copeman,mcopemankm@cpanel.net,Female,104.11.26.229
744,Peg,Rollins,prollinskn@theguardian.com,Female,218.192.121.7
745,Gwyn,Caile,gcaileko@mit.edu,Male,33.191.147.127
746,Davine,Ledgerton,dledgertonkp@creativecommons.org,Male,161.81.29.187
747,Emelita,MacDougal,emacdougalkq@marketwatch.com,Male,92.15.232.176
748,Leontyne,Kalinsky,lkalinskykr@microsoft.com,Male,138.1.199.144
749,Elaine,Endecott,eendecottks@cloudflare.com,Female,123.108.104.221
750,Micky,Twiddy,mtwiddykt@economist.com,Female,208.67.204.99
751,Ermengarde,Cadle,ecadleku@tinyurl.com,Male,212.85.212.16
752,Lalo,Hark,lharkkv@mashable.com,Male,249.78.9.240
753,Sarena,Phalip,sphalipkw@economist.com,Male,193.32.165.64
754,Celka,McDill,cmcdillkx@newyorker.com,Female,135.64.213.52
755,Atalanta,Kimpton,akimptonky@dedecms.com,Male,224.69.66.163
756,Herc,Ronisch,hronischkz@mediafire.com,Female,141.113.228.120
757,Suzette,Clutton,scluttonl0@ca.gov,Female,229.91.151.235
758,Mala,Heathwood,mheathwoodl1@networksolutions.com,Male,155.18.16.195
759,Ganny,Beacom,gbeacoml2@accuweather.com,Female,60.166.78.127
760,Bing,Hayselden,bhayseldenl3@furl.net,Female,200.210.47.67
761,Rhoda,Colvie,rcolviel4@bloglines.com,Male,147.58.137.249
762,Skipp,Mateuszczyk,smateuszczykl5@uiuc.edu,Male,79.173.233.196
763,Isabelita,Ellard,iellardl6@mashable.com,Male,190.20.122.64
764,Shaine,Ranner,srannerl7@dot.gov,Female,248.123.70.26
765,Matteo,McWhirter,mmcwhirterl8@springer.com,Male,240.100.77.196
766,Sigismundo,Arter,sarterl9@hc360.com,Bigender,128.123.172.145
767,Biron,Muggleston,bmugglestonla@admin.ch,Female,13.41.245.125
768,Jeralee,Gapper,jgapperlb@furl.net,Female,41.27.148.139
769,Bili,Mainland,bmainlandlc@psu.edu,Female,195.241.225.15
770,Sydney,Popham,spophamld@businesswire.com,Male,148.182.33.136
771,Sarina,Holligan,sholliganle@csmonitor.com,Non-binary,13.113.206.201
772,Maxwell,Siflet,msifletlf@vinaora.com,Genderfluid,232.56.142.35
773,Berne,Cayser,bcayserlg@live.com,Male,11.56.123.233
774,Launce,Booker,lbookerlh@usda.gov,Non-binary,49.100.119.69
775,Garland,Hickford,ghickfordli@gnu.org,Female,194.253.129.202
776,Jsandye,Lynd,jlyndlj@google.de,Male,45.164.88.236
777,Rori,Barlee,rbarleelk@scientificamerican.com,Genderqueer,130.7.172.150
778,Regina,Caplan,rcaplanll@yolasite.com,Male,75.208.185.47
779,Frank,Challicum,fchallicumlm@xinhuanet.com,Male,127.19.100.228
780,Orlan,Saxon,osaxonln@live.com,Female,152.70.195.102
781,Jana,Cahn,jcahnlo@irs.gov,Female,230.249.172.35
782,Ariella,Wreford,awrefordlp@nydailynews.com,Female,147.85.106.82
783,Ariana,Antcliff,aantclifflq@fema.gov,Female,22.89.225.233
784,Tan,de Zamora,tdezamoralr@illinois.edu,Male,166.158.228.95
785,Dre,Ruberti,drubertils@marketwatch.com,Male,75.86.98.247
786,Noelyn,Jacquemot,njacquemotlt@dailymotion.com,Male,110.16.230.68
787,Kipp,Berrington,kberringtonlu@1688.com,Female,255.220.202.112
788,Casey,Sherrum,csherrumlv@vk.com,Female,129.189.25.121
789,Zandra,Caine,zcainelw@sourceforge.net,Male,157.212.53.207
790,Guillermo,Dillintone,gdillintonelx@webnode.com,Genderfluid,99.86.246.131
791,Naoma,Salzburger,nsalzburgerly@jigsy.com,Male,25.240.183.220
792,Nolie,Ottey,notteylz@senate.gov,Male,88.146.22.243
793,Rene,Camerello,rcamerellom0@weibo.com,Male,8.16.17.23
794,Bertie,Muscroft,bmuscroftm1@bluehost.com,Male,217.5.195.54
795,Anna,Lintin,alintinm2@digg.com,Male,241.89.125.0
796,Saundra,Ruttgers,sruttgersm3@privacy.gov.au,Female,104.128.27.113
797,Donnie,Fomichkin,dfomichkinm4@barnesandnoble.com,Male,159.135.187.123
798,Brocky,McNeish,bmcneishm5@reference.com,Female,183.99.50.117
799,Darcie,Bowdery,dbowderym6@vkontakte.ru,Male,75.105.232.190
800,Augusto,Mynard,amynardm7@typepad.com,Female,242.199.28.198
801,Nikolos,Lovatt,nlovattm8@census.gov,Male,27.164.190.78
802,Augusta,Winchcomb,awinchcombm9@networksolutions.com,Male,143.208.215.7
803,Berty,Philbrick,bphilbrickma@nsw.gov.au,Female,22.228.83.116
804,Otto,Erley,oerleymb@google.co.jp,Female,90.60.185.61
805,Olivia,Seabridge,oseabridgemc@blinklist.com,Male,214.250.19.205
806,Bernardo,Reeken,breekenmd@lycos.com,Female,219.136.78.141
807,Corny,O' Concannon,coconcannonme@phpbb.com,Female,117.184.242.239
808,Catarina,Feirn,cfeirnmf@multiply.com,Genderfluid,119.128.188.197
809,Phil,Hughman,phughmanmg@deliciousdays.com,Female,78.162.75.65
810,Harmonie,Krollman,hkrollmanmh@xing.com,Male,185.56.41.119
811,Leigh,Iggulden,ligguldenmi@amazonaws.com,Female,15.183.109.215
812,Suzie,Jennery,sjennerymj@cnet.com,Male,209.187.164.238
813,Skell,Colter,scoltermk@marketwatch.com,Female,132.91.141.47
814,Lily,Pill,lpillml@networkadvertising.org,Female,208.167.201.4
815,Lurlene,Amiranda,lamirandamm@google.it,Female,137.254.203.21
816,Skye,Deppe,sdeppemn@sbwire.com,Female,22.0.24.132
817,Sharline,Kenworth,skenworthmo@cisco.com,Male,254.225.155.55
818,Judi,Vowden,jvowdenmp@infoseek.co.jp,Male,55.57.77.242
819,Milka,Kinghorne,mkinghornemq@ftc.gov,Male,74.27.207.192
820,Federico,Durrett,fdurrettmr@rambler.ru,Male,244.80.152.251
821,Annelise,Cranshaw,acranshawms@facebook.com,Male,35.247.14.64
822,Tremaine,Lively,tlivelymt@elegantthemes.com,Male,255.131.179.221
823,Judie,Huertas,jhuertasmu@nasa.gov,Female,165.83.26.226
824,Dore,Pawsey,dpawseymv@amazon.de,Male,216.95.191.81
825,Kimberley,Corradini,kcorradinimw@ning.com,Female,31.45.254.130
826,Aaren,Froud,afroudmx@spiegel.de,Female,246.125.124.135
827,Cari,Dudderidge,cdudderidgemy@myspace.com,Male,179.81.160.28
828,Maggie,Bellerby,mbellerbymz@mayoclinic.com,Female,100.12.203.6
829,Meryl,Stacy,mstacyn0@lulu.com,Male,77.76.190.127
830,Allene,Brace,abracen1@jugem.jp,Female,209.56.191.70
831,Killy,Munro,kmunron2@google.co.jp,Male,200.199.84.182
832,Patti,Mougeot,pmougeotn3@samsung.com,Female,228.66.42.160
833,Glennis,Straker,gstrakern4@baidu.com,Female,117.45.13.250
834,Rosalyn,Spackman,rspackmann5@cnbc.com,Male,167.245.174.94
835,Shurwood,Hylton,shyltonn6@google.cn,Female,234.130.160.13
836,Ferris,Bawden,fbawdenn7@rediff.com,Male,94.195.197.37
837,Edmund,Christer,echristern8@blogspot.com,Female,56.126.121.174
838,Bartie,Spearing,bspearingn9@abc.net.au,Male,136.114.252.209
839,Curtis,Warrier,cwarrierna@i2i.jp,Female,109.83.46.154
840,Giselbert,Ballston,gballstonnb@sourceforge.net,Female,113.238.150.37
841,Analise,Trubshaw,atrubshawnc@bloomberg.com,Male,117.63.135.118
842,Lisetta,Height,lheightnd@blogtalkradio.com,Male,57.48.100.92
843,Ibrahim,Longshaw,ilongshawne@businessweek.com,Male,34.211.202.6
844,Jimmy,Cuerdall,jcuerdallnf@java.com,Genderfluid,149.89.219.1
845,Ruthi,Toffler,rtofflerng@parallels.com,Female,107.32.99.80
846,Fallon,Summerlie,fsummerlienh@devhub.com,Female,57.129.8.129
847,Finn,Bricknell,fbricknellni@google.co.jp,Female,161.122.185.158
848,Elbertine,Romaint,eromaintnj@epa.gov,Non-binary,242.236.215.239
849,Merle,Jacomb,mjacombnk@hao123.com,Male,92.6.123.143
850,Englebert,Blackader,eblackadernl@fda.gov,Male,46.222.10.138
851,Seline,Pellett,spellettnm@msu.edu,Female,237.184.56.41
852,Templeton,Sey,tseynn@buzzfeed.com,Female,72.174.8.26
853,Lyndsie,Purkins,lpurkinsno@seattletimes.com,Non-binary,94.240.147.34
854,Mechelle,Gallaher,mgallahernp@parallels.com,Male,132.113.200.225
855,Loralee,Dobrovsky,ldobrovskynq@seesaa.net,Male,191.197.20.44
856,Corella,Gofforth,cgofforthnr@rakuten.co.jp,Female,206.125.4.217
857,Leigh,Ceeley,lceeleyns@timesonline.co.uk,Male,34.86.149.241
858,Johnnie,De Domenicis,jdedomenicisnt@e-recht24.de,Male,143.210.12.248
859,Ferne,Seymour,fseymournu@boston.com,Male,157.77.179.191
860,Donnajean,Dunks,ddunksnv@google.com.hk,Female,207.119.30.219
861,Goober,Milburn,gmilburnnw@usda.gov,Female,239.59.175.157
862,Dory,Tebb,dtebbnx@netscape.com,Female,185.110.182.126
863,Em,Mardlin,emardlinny@answers.com,Male,217.148.248.140
864,Evangelia,Fowler,efowlernz@quantcast.com,Male,214.193.64.121
865,Carine,Giorgio,cgiorgioo0@gnu.org,Female,254.52.96.187
866,Alexine,Leipoldt,aleipoldto1@csmonitor.com,Male,105.235.55.203
867,Nariko,Boyce,nboyceo2@furl.net,Genderqueer,135.31.199.117
868,Monroe,Baude,mbaudeo3@nymag.com,Male,215.144.88.37
869,Katha,Holdall,kholdallo4@google.com.hk,Male,201.187.0.62
870,Darrin,Blain,dblaino5@macromedia.com,Male,131.46.105.40
871,Morissa,Snow,msnowo6@godaddy.com,Female,63.186.217.189
872,Teressa,Nickels,tnickelso7@rediff.com,Male,30.240.2.16
873,Fowler,O'Carmody,focarmodyo8@163.com,Female,168.93.11.3
874,Bernarr,Rickesies,brickesieso9@nasa.gov,Non-binary,76.141.17.237
875,Cammi,Gamet,cgametoa@tinyurl.com,Male,248.142.225.68
876,Patrizius,Mussington,pmussingtonob@amazon.co.uk,Male,194.50.131.112
877,Ethyl,Tomblett,etomblettoc@godaddy.com,Genderfluid,182.2.32.112
878,Leila,Pool,lpoolod@ocn.ne.jp,Male,162.46.170.55
879,Randene,Sandford,rsandfordoe@mapquest.com,Female,221.104.166.45
880,Hilary,Beggio,hbeggioof@forbes.com,Genderfluid,133.172.201.70
881,Bevan,Emms,bemmsog@wisc.edu,Female,148.24.219.105
882,Carma,Veart,cveartoh@ehow.com,Male,216.220.59.125
883,Loren,von Hagt,lvonhagtoi@marriott.com,Male,249.3.246.194
884,Kayley,Reedman,kreedmanoj@reference.com,Male,38.48.139.152
885,Robbert,Lothlorien,rlothlorienok@over-blog.com,Female,9.218.90.165
886,Berny,Musto,bmustool@google.it,Female,115.93.39.8
887,Elwyn,Cockcroft,ecockcroftom@ebay.co.uk,Female,136.159.56.72
888,Marlin,Stirman,mstirmanon@lulu.com,Male,68.203.18.118
889,Bethanne,Dymick,bdymickoo@delicious.com,Agender,91.88.84.52
890,Barbi,Wibberley,bwibberleyop@forbes.com,Male,69.251.112.227
891,See,Welsh,swelshoq@smugmug.com,Male,63.198.145.91
892,Astrid,Dickins,adickinsor@walmart.com,Genderqueer,109.7.232.196
893,Scotty,McTavish,smctavishos@bloglovin.com,Female,144.164.143.16
894,Miguel,Croose,mcrooseot@facebook.com,Female,139.102.220.55
895,Wilfrid,Cayle,wcayleou@symantec.com,Female,63.167.70.176
896,Sibeal,Ravenhill,sravenhillov@harvard.edu,Female,114.217.209.59
897,Erin,Revie,erevieow@ted.com,Male,108.155.74.114
898,Dukie,Moggle,dmoggleox@oaic.gov.au,Male,126.253.181.160
899,Hedwiga,Somner,hsomneroy@geocities.com,Female,190.95.141.27
900,Beck,Tease,bteaseoz@cargocollective.com,Female,155.210.3.233
901,Rani,Callear,rcallearp0@archive.org,Female,51.51.119.129
902,Alexandrina,Gellier,agellierp1@taobao.com,Male,219.43.65.237
903,Tommie,Overell,toverellp2@seattletimes.com,Non-binary,162.0.136.233
904,Melisse,Chestney,mchestneyp3@ehow.com,Male,14.113.26.19
905,Marnia,Sreenan,msreenanp4@samsung.com,Male,195.173.69.230
906,Dorothee,Leedes,dleedesp5@utexas.edu,Male,189.113.39.111
907,Hagen,Splevings,hsplevingsp6@eventbrite.com,Female,150.143.77.194
908,Emery,Hrishanok,ehrishanokp7@livejournal.com,Male,177.1.212.32
909,Lacie,Braam,lbraamp8@washingtonpost.com,Female,98.222.44.253
910,Marcello,Dengel,mdengelp9@feedburner.com,Female,130.174.8.96
911,Marquita,Pretley,mpretleypa@phpbb.com,Female,149.22.137.82
912,Forrest,Petriello,fpetriellopb@dropbox.com,Male,212.79.161.212
913,Virge,Camelli,vcamellipc@npr.org,Male,101.61.252.145
914,Eldin,Dagwell,edagwellpd@senate.gov,Male,141.26.122.31
915,Eolanda,Pledge,epledgepe@yelp.com,Male,223.9.190.43
916,Deck,Ledgeway,dledgewaypf@vkontakte.ru,Female,154.158.53.163
917,Jarrod,Cleever,jcleeverpg@europa.eu,Female,170.9.203.116
918,Allie,Loomes,aloomesph@csmonitor.com,Male,180.16.106.89
919,Armstrong,Seamark,aseamarkpi@so-net.ne.jp,Female,115.69.78.108
920,Samuele,Duffil,sduffilpj@slideshare.net,Female,173.58.248.238
921,Mano,Teasey,mteaseypk@posterous.com,Female,163.81.15.232
922,Glyn,Orthmann,gorthmannpl@zdnet.com,Male,156.59.56.22
923,Morton,Silversmidt,msilversmidtpm@chicagotribune.com,Female,190.123.36.9
924,Kelbee,Maxfield,kmaxfieldpn@shareasale.com,Male,64.116.76.131
925,Vinnie,Crosscombe,vcrosscombepo@ameblo.jp,Agender,119.116.29.137
926,Maridel,Sherwen,msherwenpp@usnews.com,Female,198.19.230.66
927,Pansie,Wanek,pwanekpq@slideshare.net,Female,84.90.37.6
928,Warde,Summerlad,wsummerladpr@skyrock.com,Female,41.100.192.191
929,Estell,MacGaughy,emacgaughyps@hp.com,Male,250.25.140.183
930,Judon,Pezey,jpezeypt@npr.org,Male,124.176.176.187
931,Leontyne,Pedersen,lpedersenpu@wordpress.org,Female,204.127.82.147
932,Glennie,Masterman,gmastermanpv@blinklist.com,Female,201.249.106.230
933,Gregg,Bukowski,gbukowskipw@tamu.edu,Male,164.203.198.139
934,Cindie,Gallacher,cgallacherpx@google.nl,Male,82.32.51.247
935,Tuesday,Bursell,tbursellpy@bandcamp.com,Female,112.147.73.141
936,Curry,Aked,cakedpz@umn.edu,Male,141.215.116.74
937,Bobbette,Pellamonuten,bpellamonutenq0@paypal.com,Female,239.102.149.149
938,Mirelle,Kobus,mkobusq1@npr.org,Male,53.106.188.20
939,Mariele,Adami,madamiq2@jalbum.net,Bigender,169.135.201.39
940,Gray,Pollastro,gpollastroq3@squidoo.com,Male,25.249.72.141
941,Giana,Yuryatin,gyuryatinq4@behance.net,Female,92.128.111.50
942,Chaddie,Korpal,ckorpalq5@dagondesign.com,Female,149.242.241.135
943,Joly,Pittman,jpittmanq6@nytimes.com,Female,138.158.140.88
944,Coletta,Blezard,cblezardq7@discuz.net,Female,226.92.97.232
945,Amaleta,Maffei,amaffeiq8@engadget.com,Female,208.22.35.84
946,Evvie,Kidd,ekiddq9@joomla.org,Male,48.41.197.205
947,Lynette,Vernalls,lvernallsqa@dailymail.co.uk,Female,107.167.170.192
948,Corey,Stratford,cstratfordqb@craigslist.org,Male,148.33.23.195
949,Roberta,Echalie,rechalieqc@wikipedia.org,Female,130.222.204.14
950,Shell,Cleave,scleaveqd@sbwire.com,Male,134.168.37.225
951,Ula,MacNeachtain,umacneachtainqe@slashdot.org,Male,186.153.13.45
952,Jsandye,Brannigan,jbranniganqf@hubpages.com,Female,184.52.100.188
953,Gwyneth,Sisnett,gsisnettqg@angelfire.com,Male,171.184.156.158
954,Cesare,Koenen,ckoenenqh@cargocollective.com,Female,148.217.228.70
955,Jacky,Kellington,jkellingtonqi@cnn.com,Female,24.38.206.234
956,Kym,Poynser,kpoynserqj@hp.com,Male,220.211.229.161
957,Tine,Dudson,tdudsonqk@vinaora.com,Male,111.220.69.72
958,Adelice,Bark,abarkql@squidoo.com,Female,207.160.137.101
959,Casandra,Lukovic,clukovicqm@jigsy.com,Female,254.178.192.86
960,Drusi,Edmonds,dedmondsqn@goo.ne.jp,Genderqueer,49.244.138.14
961,Cairistiona,Bambury,cbamburyqo@geocities.jp,Male,47.56.107.28
962,Germayne,Fagence,gfagenceqp@dion.ne.jp,Male,68.163.88.184
963,Jose,Camber,jcamberqq@hexun.com,Genderfluid,209.59.246.113
964,Eleonora,Huyge,ehuygeqr@artisteer.com,Female,87.250.150.141
965,Giselle,Ife,gifeqs@walmart.com,Female,182.249.162.44
966,Jordanna,Scherme,jschermeqt@fda.gov,Female,142.152.206.105
967,Ardra,Gisburn,agisburnqu@mtv.com,Male,168.141.148.157
968,Bettye,Avey,baveyqv@ted.com,Female,235.93.119.52
969,Eben,Fulle,efulleqw@whitehouse.gov,Male,160.83.8.53
970,Mahmoud,Boniface,mbonifaceqx@storify.com,Female,150.107.47.122
971,Geoffry,Antal,gantalqy@nps.gov,Male,236.9.237.134
972,Ailyn,Sharpless,asharplessqz@moonfruit.com,Male,246.159.47.207
973,Issi,Leipoldt,ileipoldtr0@ezinearticles.com,Female,156.242.83.24
974,Jecho,Carek,jcarekr1@berkeley.edu,Male,20.51.47.107
975,Louisette,Cufley,lcufleyr2@mashable.com,Male,219.126.240.34
976,Talbot,Balthasar,tbalthasarr3@about.com,Female,132.50.5.102
977,Drusie,Lowther,dlowtherr4@elegantthemes.com,Female,53.213.143.183
978,Hirsch,Windrass,hwindrassr5@omniture.com,Male,31.236.248.48
979,Donalt,Tellenbach,dtellenbachr6@cpanel.net,Female,157.133.234.143
980,Hallie,Attack,hattackr7@va.gov,Female,245.1.108.220
981,Pietra,Mulbery,pmulberyr8@tuttocitta.it,Female,72.243.36.236
982,Evelina,Dodshun,edodshunr9@nba.com,Female,133.40.24.13
983,Trefor,Ivons,tivonsra@printfriendly.com,Female,213.191.38.234
984,Levon,Conniam,lconniamrb@nasa.gov,Female,111.172.113.98
985,Bree,Schreurs,bschreursrc@miibeian.gov.cn,Male,229.29.172.150
986,Alisa,Fulks,afulksrd@noaa.gov,Female,135.5.149.146
987,Rochelle,Pollack,rpollackre@yellowbook.com,Female,89.215.47.164
988,Filippa,O'Lennachain,folennachainrf@smugmug.com,Male,22.93.96.74
989,Quintus,Giorgi,qgiorgirg@ustream.tv,Female,78.205.152.2
990,Genevra,Wildber,gwildberrh@google.co.jp,Female,83.149.82.26
991,Alfy,Guthrie,aguthrieri@home.pl,Female,26.5.253.153
992,Lanni,Kemery,lkemeryrj@patch.com,Male,177.96.155.205
993,Arliene,Abele,aabelerk@disqus.com,Male,37.78.80.17
994,Tannie,Lapwood,tlapwoodrl@usda.gov,Male,222.234.226.109
995,Hastings,Sparhawk,hsparhawkrm@princeton.edu,Male,21.57.231.99
996,Fairfax,Ferrieroi,fferrieroirn@hc360.com,Male,113.150.147.166
997,Rochell,Petheridge,rpetheridgero@bbb.org,Female,224.30.202.115
998,Tanya,Bootherstone,tbootherstonerp@clickbank.net,Female,96.79.175.7
999,Broddy,Martinovic,bmartinovicrq@slate.com,Male,154.150.167.145
1000,Bunny,Haine,bhainerr@homestead.com,Male,104.87.51.151
