id,first_name,last_name,email,gender,ip_address
1,Agretha,McPaik,amcpaik0@storify.com,Male,106.129.141.27
2,Hugh,Jeste,hjeste1@mashable.com,Female,41.211.187.115
3,Brigitta,Steere,bsteere2@163.com,Female,35.167.125.88
4,Erminia,Ellington,eellington3@dion.ne.jp,Female,157.38.51.232
5,Hillie,Garnall,hgarnall4@prweb.com,Male,97.171.144.246
6,Theresa,Stubbe,tstubbe5@mapquest.com,Female,13.220.71.194
7,Denver,Siflet,dsiflet6@webeden.co.uk,Female,221.58.118.181
8,Morton,Buggy,mbuggy7@reddit.com,Male,144.225.246.42
9,Berti,Scroggins,bscroggins8@cbsnews.com,Female,125.245.131.247
10,Sofia,Bretton,sbretton9@ed.gov,Female,156.104.153.196
11,Marylou,Deeming,mdeeminga@godaddy.com,Male,148.165.201.69
12,Vickie,Vanner,vvannerb@ucoz.ru,Female,249.222.14.42
13,Rennie,Dello,rdelloc@hatena.ne.jp,Male,29.178.208.197
14,Elston,Potte,epotted@fc2.com,Male,162.61.40.146
15,Corbet,Skipp,cskippe@youku.com,Female,191.5.43.132
16,Daria,Kennifeck,dkennifeckf@surveymonkey.com,Male,127.62.24.6
17,Coletta,Bolver,cbolverg@elegantthemes.com,Male,179.203.214.84
18,Bing,Hagland,bhaglandh@cbc.ca,Bigender,228.28.9.235
19,Graehme,Pringuer,gpringueri@toplist.cz,Male,153.232.146.1
20,Yvon,Hellyar,yhellyarj@friendfeed.com,Female,0.101.206.172
21,Alister,Pinder,apinderk@shutterfly.com,Non-binary,32.183.215.199
22,Shawna,Chisnall,schisnalll@cyberchimps.com,Male,100.75.142.242
23,Happy,Franchioni,hfranchionim@ftc.gov,Male,217.220.53.96
24,Gonzales,Jeannesson,gjeannessonn@scientificamerican.com,Male,131.180.191.224
25,Tilly,Antonovic,tantonovico@imdb.com,Female,155.121.112.251
26,Ammamaria,Cersey,acerseyp@uiuc.edu,Male,40.205.52.200
27,Rene,Mowlam,rmowlamq@senate.gov,Female,66.56.238.126
28,Ariel,Straffon,astraffonr@answers.com,Female,221.205.54.209
29,Vivie,Lassell,vlassells@umn.edu,Female,214.251.59.187
30,Lincoln,Cordobes,lcordobest@moonfruit.com,Male,198.249.248.19
31,Hazel,Wybron,hwybronu@miibeian.gov.cn,Female,208.56.20.112
32,Jeanine,MacNess,jmacnessv@yolasite.com,Female,167.93.135.10
33,Sigmund,Bilbie,sbilbiew@symantec.com,Female,113.149.118.208
34,Dara,Ritchie,dritchiex@deviantart.com,Male,190.0.191.36
35,Keith,Licas,klicasy@geocities.jp,Female,185.117.58.53
36,Charlotte,Borchardt,cborchardtz@usgs.gov,Polygender,137.46.254.106
37,Kalie,Schult,kschult10@posterous.com,Bigender,179.178.248.169
38,Lorelle,Minchell,lminchell11@google.ru,Male,58.234.38.118
39,Cristionna,Smaridge,csmaridge12@163.com,Male,130.19.229.49
40,Hort,Neill,hneill13@macromedia.com,Female,73.133.207.31
41,Haze,Josovitz,hjosovitz14@dedecms.com,Female,128.94.120.84
42,Wilfred,MacAlpin,wmacalpin15@arizona.edu,Female,174.135.181.19
43,Vitia,Crosswaite,vcrosswaite16@globo.com,Male,255.16.71.48
44,Alva,Lindbergh,alindbergh17@hibu.com,Male,155.108.177.43
45,Normand,Hasnip,nhasnip18@wikispaces.com,Male,178.122.164.162
46,Karleen,Winspear,kwinspear19@google.de,Male,180.203.111.213
47,Gilli,Bortolini,gbortolini1a@yahoo.co.jp,Male,66.33.216.3
48,Ira,Gettins,igettins1b@google.ru,Non-binary,97.70.244.34
49,Joe,Nestor,jnestor1c@networksolutions.com,Female,240.12.122.87
50,Chick,Frigot,cfrigot1d@nationalgeographic.com,Female,189.209.208.122
51,Isac,Atchly,iatchly1e@livejournal.com,Agender,124.241.24.175
52,Norri,Oleszcuk,noleszcuk1f@newsvine.com,Female,106.6.211.61
53,Nicolle,Shearsby,nshearsby1g@statcounter.com,Female,232.2.209.95
54,Christoper,Shawel,cshawel1h@opera.com,Male,102.25.161.29
55,Ragnar,Emberton,remberton1i@apple.com,Female,254.114.236.241
56,Rossie,Gavrieli,rgavrieli1j@unblog.fr,Female,117.187.171.97
57,Nikos,Sherringham,nsherringham1k@skype.com,Female,177.71.12.68
58,Ulberto,Thackwray,uthackwray1l@acquirethisname.com,Female,130.245.59.225
59,Rani,McNiven,rmcniven1m@sbwire.com,Female,166.41.108.13
60,Bunni,Karpeev,bkarpeev1n@booking.com,Female,64.145.54.8
61,Beatrix,Bretton,bbretton1o@github.io,Male,214.216.90.43
62,Kendra,Colleck,kcolleck1p@cbsnews.com,Male,9.15.39.74
63,Sibella,Marien,smarien1q@marketwatch.com,Female,170.134.126.184
64,Verina,Mourgue,vmourgue1r@huffingtonpost.com,Male,7.6.67.57
65,Natividad,Trewman,ntrewman1s@mozilla.com,Bigender,68.231.118.145
66,Shadow,Tixall,stixall1t@alexa.com,Female,59.201.188.38
67,Nealon,Kinahan,nkinahan1u@hexun.com,Female,166.41.113.36
68,Alexei,Pes,apes1v@admin.ch,Male,27.239.40.2
69,Olympe,Franckton,ofranckton1w@com.com,Male,207.73.151.94
70,Gregg,Jolly,gjolly1x@domainmarket.com,Female,17.196.8.183
71,Isa,Klimko,iklimko1y@cdc.gov,Female,183.44.33.104
72,Roseanna,Lenaghen,rlenaghen1z@alexa.com,Genderqueer,199.93.121.147
73,Lavina,Purselowe,lpurselowe20@uiuc.edu,Male,182.14.131.211
74,Kaycee,Ducarne,kducarne21@samsung.com,Female,58.49.6.97
75,Gilbert,Whye,gwhye22@joomla.org,Female,35.53.129.20
76,Rocky,Massel,rmassel23@51.la,Female,244.188.184.157
77,Pattie,Menaul,pmenaul24@smugmug.com,Male,195.118.79.36
78,Wendie,Mote,wmote25@studiopress.com,Male,194.177.190.101
79,Paten,Shimoni,pshimoni26@archive.org,Male,143.228.40.44
80,Bennett,Grier,bgrier27@ibm.com,Female,252.225.86.252
81,Nathanil,Oherlihy,noherlihy28@guardian.co.uk,Male,49.237.49.127
82,Ottilie,Vyel,ovyel29@epa.gov,Female,241.251.191.56
83,Tory,Bruhnicke,tbruhnicke2a@sourceforge.net,Male,18.142.41.254
84,Val,Ozanne,vozanne2b@wikia.com,Female,202.23.121.227
85,Allyn,Josefs,ajosefs2c@indiegogo.com,Male,217.113.61.39
86,Arty,Di Napoli,adinapoli2d@symantec.com,Female,94.55.72.23
87,Lavinie,Enever,lenever2e@wufoo.com,Female,199.193.132.59
88,Torrance,Venneur,tvenneur2f@berkeley.edu,Female,58.142.15.177
89,Trix,Edmundson,tedmundson2g@jigsy.com,Female,55.55.156.212
90,Marje,Pilbeam,mpilbeam2h@printfriendly.com,Female,228.143.164.246
91,Humphrey,Dumbelton,hdumbelton2i@phpbb.com,Female,180.199.128.13
92,Mandy,Moriarty,mmoriarty2j@eventbrite.com,Female,187.79.62.60
93,Marget,Dorian,mdorian2k@eepurl.com,Female,244.142.19.252
94,Jsandye,Archibould,jarchibould2l@wordpress.com,Male,94.247.124.22
95,Berty,Cockren,bcockren2m@techcrunch.com,Non-binary,31.209.49.171
96,Phaedra,Kirkbright,pkirkbright2n@cyberchimps.com,Bigender,160.116.48.183
97,Ava,Haking,ahaking2o@nyu.edu,Female,106.53.83.32
98,Consuela,Leyes,cleyes2p@dot.gov,Female,64.55.187.28
99,Beverie,Querree,bquerree2q@prweb.com,Female,79.84.236.154
100,Elroy,Phethean,ephethean2r@symantec.com,Bigender,221.143.48.191
101,Cindelyn,Hutt,chutt2s@hud.gov,Male,192.245.189.22
102,Dottie,Skim,dskim2t@sitemeter.com,Male,20.246.108.178
103,Kennith,Bonsey,kbonsey2u@bravesites.com,Male,195.127.58.44
104,Ferguson,Logsdale,flogsdale2v@amazon.com,Female,116.196.248.84
105,Cliff,Hall-Gough,challgough2w@arizona.edu,Female,176.233.149.23
106,Larine,Cogdell,lcogdell2x@pen.io,Male,142.74.217.142
107,Marena,Beniesh,mbeniesh2y@jigsy.com,Male,186.41.192.108
108,Shanta,Gudgion,sgudgion2z@dedecms.com,Polygender,82.197.104.9
109,Stanislaus,Knighton,sknighton30@phpbb.com,Female,94.115.94.139
110,Annette,Squires,asquires31@mapy.cz,Male,224.69.122.203
111,Emmott,Swannack,eswannack32@jimdo.com,Male,188.131.165.13
112,Wait,Taylorson,wtaylorson33@163.com,Female,146.34.157.21
113,Magdalen,Apark,mapark34@prlog.org,Male,206.231.219.43
114,Miran,MacAllaster,mmacallaster35@is.gd,Male,28.114.130.253
115,Fanni,Keppe,fkeppe36@imageshack.us,Male,173.76.96.53
116,Cleve,Duester,cduester37@theatlantic.com,Female,76.216.111.92
117,Melisent,Aprahamian,maprahamian38@cbc.ca,Male,99.215.122.246
118,Mufinella,Mizzen,mmizzen39@infoseek.co.jp,Female,19.71.56.98
119,Wallas,McCaster,wmccaster3a@seesaa.net,Female,114.43.2.25
120,Ruggiero,Essel,ressel3b@springer.com,Female,164.172.204.54
121,Neala,Adaway,nadaway3c@rambler.ru,Male,39.93.242.60
122,Erna,Howels,ehowels3d@house.gov,Male,234.139.152.177
123,Constance,Poluzzi,cpoluzzi3e@addthis.com,Genderqueer,51.126.91.161
124,Bogart,Cauley,bcauley3f@ucoz.ru,Female,154.81.195.140
125,Philbert,Garlett,pgarlett3g@biglobe.ne.jp,Female,252.125.55.114
126,Letisha,Cawthera,lcawthera3h@lulu.com,Female,238.152.211.233
127,Haleigh,Di Giorgio,hdigiorgio3i@tumblr.com,Genderqueer,123.208.112.6
128,Devina,Fibbit,dfibbit3j@elegantthemes.com,Male,60.28.150.82
129,Caldwell,Licciardiello,clicciardiello3k@si.edu,Female,88.126.239.207
130,Obadiah,Dudderidge,odudderidge3l@hatena.ne.jp,Agender,187.27.164.243
131,Netty,Dake,ndake3m@umich.edu,Male,247.110.55.67
132,Shandie,Kynston,skynston3n@sogou.com,Male,46.216.128.170
133,Chan,Monkley,cmonkley3o@prnewswire.com,Female,3.206.18.37
134,Jerrilyn,McCorry,jmccorry3p@feedburner.com,Male,29.207.83.13
135,Karmen,Stump,kstump3q@disqus.com,Male,221.224.43.31
136,Lucienne,Lante,llante3r@imgur.com,Male,68.233.160.36
137,Jock,Ramsey,jramsey3s@myspace.com,Male,172.172.96.108
138,Lorelei,Brayley,lbrayley3t@google.fr,Female,167.208.170.170
139,Merrill,Sibley,msibley3u@uiuc.edu,Male,37.231.168.175
140,Cally,Surgison,csurgison3v@behance.net,Male,219.114.113.13
141,Stevena,Russi,srussi3w@cocolog-nifty.com,Female,97.71.65.0
142,Cris,Stubbings,cstubbings3x@blogger.com,Male,154.158.0.32
143,Brittaney,aManger,bamanger3y@fema.gov,Female,246.40.63.235
144,Timotheus,Dunaway,tdunaway3z@irs.gov,Male,40.74.176.216
145,Olympe,Carruth,ocarruth40@bing.com,Male,54.123.5.251
146,Fonz,Pavis,fpavis41@tmall.com,Male,237.58.130.152
147,Marquita,Hardern,mhardern42@cam.ac.uk,Polygender,193.81.251.11
148,Madelina,Tibbetts,mtibbetts43@virginia.edu,Male,148.39.50.148
149,Inga,Hutchin,ihutchin44@prlog.org,Female,126.105.1.76
150,Andres,Robertot,arobertot45@fastcompany.com,Female,121.72.124.96
151,Cacilia,Fromont,cfromont46@umich.edu,Female,254.6.229.38
152,Lavinie,Kurten,lkurten47@tumblr.com,Agender,107.170.174.45
153,Genia,Hughland,ghughland48@latimes.com,Female,226.78.123.135
154,Wyn,Scottrell,wscottrell49@microsoft.com,Male,16.152.250.126
155,Perl,Peake,ppeake4a@yandex.ru,Female,96.117.75.234
156,Aila,Inworth,ainworth4b@accuweather.com,Male,226.82.89.104
157,Hort,Toplin,htoplin4c@nationalgeographic.com,Male,219.42.30.139
158,Allianora,Simonin,asimonin4d@topsy.com,Female,107.172.99.63
159,Denise,Rosenkrantz,drosenkrantz4e@sciencedirect.com,Non-binary,145.63.70.35
160,Nora,Harragin,nharragin4f@usgs.gov,Male,98.173.38.190
161,Elayne,Hearmon,ehearmon4g@irs.gov,Female,235.144.76.36
162,Armand,Stovine,astovine4h@oracle.com,Female,0.7.250.17
163,Yasmin,Comins,ycomins4i@cbc.ca,Genderfluid,143.203.16.78
164,Tova,Treadger,ttreadger4j@ucoz.com,Female,65.61.200.93
165,Celine,Kristof,ckristof4k@weebly.com,Female,135.114.199.105
166,Bern,Jerdon,bjerdon4l@cornell.edu,Male,152.30.151.232
167,Aidan,Fritche,afritche4m@unicef.org,Non-binary,58.254.56.239
168,Nisse,Normandale,nnormandale4n@netlog.com,Female,135.108.55.81
169,Allison,Brownlee,abrownlee4o@bizjournals.com,Female,187.151.60.86
170,Melita,Queyeiro,mqueyeiro4p@army.mil,Female,128.113.65.91
171,Hobard,McDermot,hmcdermot4q@cyberchimps.com,Male,85.44.185.204
172,Birch,Draysay,bdraysay4r@amazon.co.uk,Male,90.59.215.204
173,Atlanta,Charrisson,acharrisson4s@opensource.org,Female,117.29.79.162
174,Murdoch,Blackeby,mblackeby4t@last.fm,Female,94.2.58.188
175,Patrizio,Crosskill,pcrosskill4u@simplemachines.org,Female,232.50.232.46
176,Peyter,Kinde,pkinde4v@livejournal.com,Male,233.134.49.105
177,Alla,Geaves,ageaves4w@examiner.com,Male,115.32.60.64
178,Terrance,Guesford,tguesford4x@chicagotribune.com,Male,87.253.247.146
179,Dorita,Giacobelli,dgiacobelli4y@ifeng.com,Male,20.192.22.203
180,Hurley,Denk,hdenk4z@vkontakte.ru,Male,239.0.88.187
181,Heindrick,Harriday,hharriday50@cnn.com,Male,55.132.235.159
182,Evelina,Frotton,efrotton51@paypal.com,Female,254.219.186.228
183,Cybill,Blasing,cblasing52@xing.com,Genderqueer,82.61.74.250
184,Frederique,Kersey,fkersey53@google.nl,Non-binary,207.134.105.68
185,Mariquilla,Josephi,mjosephi54@ca.gov,Female,206.48.101.226
186,Germain,Dow,gdow55@meetup.com,Male,255.208.172.42
187,Fredrika,Redan,fredan56@gnu.org,Male,115.226.51.244
188,Tara,Rittmeier,trittmeier57@timesonline.co.uk,Female,12.73.242.86
189,Eamon,Tallent,etallent58@un.org,Male,101.126.244.208
190,Shaylynn,Sommersett,ssommersett59@quantcast.com,Male,152.249.18.128
191,Ofilia,Southward,osouthward5a@globo.com,Female,78.8.65.43
192,Shepperd,Binge,sbinge5b@ask.com,Female,218.69.7.200
193,Josy,Robelin,jrobelin5c@phpbb.com,Bigender,137.23.131.180
194,Robb,Humbert,rhumbert5d@g.co,Genderfluid,17.249.214.126
195,Lynett,Glasgow,lglasgow5e@privacy.gov.au,Male,208.217.87.251
196,Phillip,Beckwith,pbeckwith5f@spiegel.de,Female,204.54.67.59
197,Austin,Gration,agration5g@de.vu,Female,58.253.156.23
198,Kelvin,Barbara,kbarbara5h@storify.com,Female,64.57.156.39
199,Jed,Retallick,jretallick5i@techcrunch.com,Male,77.171.119.190
200,Fayina,Silcock,fsilcock5j@wikia.com,Female,45.46.167.149
201,Dunstan,Licquorish,dlicquorish5k@miitbeian.gov.cn,Female,121.58.235.75
202,Cirilo,Fleming,cfleming5l@usda.gov,Male,245.144.121.212
203,Nessie,Maddrell,nmaddrell5m@pinterest.com,Male,180.175.150.96
204,Griz,Denley,gdenley5n@icq.com,Female,64.23.200.143
205,Bondon,Pendergast,bpendergast5o@flavors.me,Female,220.79.93.208
206,Siward,Paula,spaula5p@netlog.com,Polygender,215.96.138.62
207,Hyacinthe,Roddick,hroddick5q@patch.com,Male,252.201.193.205
208,Loraine,Berger,lberger5r@about.me,Male,132.133.40.31
209,Vivien,Wallis,vwallis5s@accuweather.com,Female,19.235.102.73
210,Cory,Lapree,clapree5t@salon.com,Male,59.83.24.83
211,Prissie,Zwicker,pzwicker5u@spiegel.de,Female,20.236.0.133
212,Andrey,Beadell,abeadell5v@infoseek.co.jp,Female,147.254.122.174
213,Helga,Corn,hcorn5w@mozilla.org,Female,146.108.173.186
214,Clara,Preece,cpreece5x@sun.com,Female,219.207.186.6
215,Abbi,Pinyon,apinyon5y@wsj.com,Female,182.96.211.114
216,Frederique,Sandall,fsandall5z@freewebs.com,Female,37.100.111.220
217,Evy,Hayselden,ehayselden60@narod.ru,Male,246.143.179.50
218,Waverley,Philippon,wphilippon61@wikimedia.org,Female,112.102.238.80
219,Joaquin,Cleland,jcleland62@abc.net.au,Male,126.194.72.81
220,Josy,Flannery,jflannery63@artisteer.com,Female,254.79.190.85
221,Nickey,Butchard,nbutchard64@ezinearticles.com,Male,230.116.96.255
222,Nelia,Lines,nlines65@slashdot.org,Female,236.28.31.210
223,Itch,Goseling,igoseling66@jugem.jp,Male,70.42.59.121
224,Selestina,Reese,sreese67@timesonline.co.uk,Female,73.37.142.145
225,Kaylil,Genever,kgenever68@dagondesign.com,Female,107.149.42.223
226,Birk,Rabbet,brabbet69@delicious.com,Female,200.162.24.184
227,Ruthie,Ridehalgh,rridehalgh6a@disqus.com,Male,147.62.68.135
228,Alecia,Juszczak,ajuszczak6b@noaa.gov,Male,188.1.130.82
229,Daffy,McClean,dmcclean6c@marketwatch.com,Female,96.45.136.232
230,Morgan,Sottell,msottell6d@list-manage.com,Male,6.227.194.224
231,Galvin,Feehery,gfeehery6e@oracle.com,Genderqueer,149.247.129.62
232,Avis,Sallery,asallery6f@fda.gov,Male,62.212.86.105
233,Boyce,Olijve,bolijve6g@elpais.com,Bigender,239.118.149.56
234,Grata,Mulloch,gmulloch6h@infoseek.co.jp,Male,9.211.54.234
235,Danni,Lodden,dlodden6i@g.co,Female,158.156.6.94
236,Chrisy,Osmond,cosmond6j@prnewswire.com,Female,66.96.22.90
237,Nicola,Tomaszczyk,ntomaszczyk6k@archive.org,Female,71.130.208.127
238,Philly,Harrower,pharrower6l@multiply.com,Male,77.138.172.90
239,Kaia,Dyett,kdyett6m@toplist.cz,Polygender,153.8.141.221
240,Renae,Purkiss,rpurkiss6n@alibaba.com,Female,206.2.246.110
241,Oran,Munkton,omunkton6o@telegraph.co.uk,Genderqueer,167.131.17.2
242,Flossy,Ortet,fortet6p@businessweek.com,Agender,235.153.183.202
243,Chickie,MacGiolla,cmacgiolla6q@go.com,Female,45.165.203.131
244,Carmine,Grimwade,cgrimwade6r@tamu.edu,Female,81.105.123.199
245,Ema,Silverlock,esilverlock6s@bravesites.com,Male,150.185.111.177
246,Ali,Nuss,anuss6t@unc.edu,Male,216.10.136.53
247,Bax,Labusch,blabusch6u@biglobe.ne.jp,Female,29.111.179.131
248,Melania,Brook,mbrook6v@wunderground.com,Male,190.5.224.35
249,Brittany,Sandys,bsandys6w@cbc.ca,Female,110.174.97.148
250,Dianne,Gorger,dgorger6x@wordpress.com,Male,99.131.213.101
251,Leandra,Ruddlesden,lruddlesden6y@people.com.cn,Female,79.112.38.235
252,Zulema,Gladding,zgladding6z@omniture.com,Male,202.255.155.56
253,Harald,Baudou,hbaudou70@cbsnews.com,Genderfluid,178.41.249.248
254,Kevan,Shillabeer,kshillabeer71@imdb.com,Genderqueer,72.25.55.186
255,Ree,Purkess,rpurkess72@jiathis.com,Male,179.108.66.12
256,Mohandis,Lillo,mlillo73@opensource.org,Male,119.40.242.207
257,Bertie,Hodgets,bhodgets74@amazon.co.jp,Female,190.79.21.10
258,Hugh,Pennycord,hpennycord75@skype.com,Agender,51.62.220.37
259,Lionello,Wallicker,lwallicker76@chronoengine.com,Male,250.156.174.80
260,Felizio,O'Cleary,focleary77@macromedia.com,Male,132.117.217.5
261,Coralyn,Fishe,cfishe78@about.com,Male,253.110.239.232
262,Gusti,Tackle,gtackle79@mayoclinic.com,Male,213.97.8.41
263,Ursola,Goodred,ugoodred7a@google.cn,Male,157.16.14.44
264,Sollie,Toun,stoun7b@hhs.gov,Male,37.11.34.75
265,Willie,Sattin,wsattin7c@army.mil,Male,213.170.222.190
266,Benji,Ritchings,britchings7d@ebay.com,Male,229.140.147.40
267,Kelcie,Collerd,kcollerd7e@amazon.co.jp,Female,146.198.229.65
268,Edmund,Ison,eison7f@census.gov,Genderqueer,82.59.96.188
269,Ianthe,Willerstone,iwillerstone7g@smh.com.au,Female,111.163.80.182
270,Noami,Bleasby,nbleasby7h@ox.ac.uk,Polygender,86.178.66.132
271,Rebeka,Adriaens,radriaens7i@webs.com,Male,5.246.50.185
272,Rena,Dyton,rdyton7j@bing.com,Male,155.174.47.61
273,Reade,Gerssam,rgerssam7k@usgs.gov,Male,138.141.226.74
274,Ursuline,Pauwel,upauwel7l@columbia.edu,Female,27.119.197.133
275,Forester,Crampin,fcrampin7m@elpais.com,Female,37.182.142.93
276,Hagan,Doerrling,hdoerrling7n@creativecommons.org,Male,184.135.107.3
277,Vonnie,Blagden,vblagden7o@biblegateway.com,Male,190.228.182.43
278,Godiva,Trood,gtrood7p@example.com,Male,200.183.50.222
279,Augustine,Kiss,akiss7q@photobucket.com,Male,10.143.104.240
280,Lisle,Salmond,lsalmond7r@dell.com,Female,136.98.220.85
281,Janos,Passie,jpassie7s@telegraph.co.uk,Male,244.11.253.196
282,Pepi,Benoy,pbenoy7t@4shared.com,Female,100.12.201.225
283,Wilt,Berryann,wberryann7u@nba.com,Male,116.82.254.150
284,Frannie,Meharry,fmeharry7v@answers.com,Male,155.149.33.137
285,Fons,Becaris,fbecaris7w@wisc.edu,Male,41.107.176.4
286,Karlyn,Boulden,kboulden7x@patch.com,Female,96.9.58.59
287,Blaine,Fardo,bfardo7y@cisco.com,Female,91.31.136.226
288,Collie,Aronow,caronow7z@homestead.com,Male,250.131.73.31
289,Gabby,Sprosson,gsprosson80@theglobeandmail.com,Female,160.30.208.171
290,Lonna,Gresley,lgresley81@vkontakte.ru,Male,168.172.212.139
291,Johny,Langdridge,jlangdridge82@reuters.com,Female,125.74.221.36
292,Willyt,Kinson,wkinson83@deviantart.com,Female,47.11.163.184
293,Reese,Arnison,rarnison84@rambler.ru,Female,159.255.59.109
294,Leicester,Charters,lcharters85@miitbeian.gov.cn,Male,176.91.86.111
295,Knox,Pettis,kpettis86@ed.gov,Male,146.253.86.3
296,Frederique,O'Carran,focarran87@dropbox.com,Male,5.69.244.41
297,Jessy,Joseland,jjoseland88@seesaa.net,Male,20.129.52.112
298,Wandie,Alp,walp89@cafepress.com,Male,31.40.204.188
299,Shirl,Managh,smanagh8a@cbsnews.com,Male,208.207.242.30
300,Catharine,Galgey,cgalgey8b@ucsd.edu,Male,1.186.42.130
301,Mara,Brewitt,mbrewitt8c@netvibes.com,Male,189.103.242.84
302,Thaddeus,Haldene,thaldene8d@senate.gov,Male,190.179.154.68
303,Timi,Dack,tdack8e@youtu.be,Male,86.71.73.19
304,Isobel,McMackin,imcmackin8f@purevolume.com,Female,45.167.94.54
305,Leo,Garmanson,lgarmanson8g@google.ru,Female,235.184.46.148
306,Vivien,Shaudfurth,vshaudfurth8h@is.gd,Female,244.118.18.210
307,Gnni,Dadson,gdadson8i@java.com,Male,25.182.80.157
308,Nat,Beglin,nbeglin8j@irs.gov,Female,47.78.166.197
309,Stevena,Fishburn,sfishburn8k@va.gov,Male,62.114.71.117
310,Barron,Moss,bmoss8l@blogtalkradio.com,Female,225.105.4.108
311,Perceval,Dundendale,pdundendale8m@aol.com,Male,191.233.137.193
312,Carmine,Wiggall,cwiggall8n@fema.gov,Male,227.162.132.142
313,Neall,Northey,nnorthey8o@google.es,Male,70.51.14.7
314,Sib,Boards,sboards8p@state.gov,Polygender,132.43.134.185
315,Lisetta,Ilive,lilive8q@amazon.co.uk,Female,161.40.162.96
316,Launce,Boriston,lboriston8r@g.co,Female,163.9.19.16
317,Romonda,Filgate,rfilgate8s@constantcontact.com,Polygender,180.255.242.122
318,Alisander,Mould,amould8t@tumblr.com,Female,70.232.211.20
319,Davon,Euler,deuler8u@fema.gov,Male,238.156.23.242
320,Mabel,Granham,mgranham8v@surveymonkey.com,Male,120.157.73.45
321,Franky,Eykelbosch,feykelbosch8w@flickr.com,Polygender,50.167.41.162
322,Lauretta,Tilling,ltilling8x@weather.com,Female,56.143.86.163
323,Allis,Jillard,ajillard8y@oaic.gov.au,Female,138.112.120.3
324,Sybille,Stevens,sstevens8z@4shared.com,Female,10.59.207.162
325,Brunhilda,Elms,belms90@chronoengine.com,Male,187.93.215.225
326,Chic,Blowin,cblowin91@nyu.edu,Female,20.248.10.102
327,Jilly,Ostick,jostick92@storify.com,Male,166.173.9.183
328,Marlee,Millea,mmillea93@redcross.org,Male,119.204.255.159
329,Rebeka,August,raugust94@uiuc.edu,Male,162.51.235.167
330,Brett,Rihanek,brihanek95@tinyurl.com,Non-binary,84.144.68.74
331,Wendel,Brass,wbrass96@cisco.com,Male,105.97.172.24
332,Griselda,Kell,gkell97@plala.or.jp,Male,156.15.76.55
333,Judas,O'Crotty,jocrotty98@umich.edu,Female,98.30.212.169
334,Shaughn,Enstone,senstone99@wordpress.com,Male,58.112.180.147
335,Agnella,Mayow,amayow9a@elegantthemes.com,Male,126.206.178.45
336,Sheppard,Bromidge,sbromidge9b@springer.com,Male,174.113.184.50
337,Morly,Maskell,mmaskell9c@seesaa.net,Female,163.90.227.193
338,Ana,Blatherwick,ablatherwick9d@fotki.com,Male,120.108.94.186
339,Hadleigh,Harland,hharland9e@mapquest.com,Female,161.45.162.223
340,Gibb,Bogace,gbogace9f@state.gov,Male,18.9.219.121
341,Ferdie,Bothbie,fbothbie9g@ovh.net,Male,39.141.183.194
342,Jade,Midgley,jmidgley9h@cdc.gov,Non-binary,250.0.15.14
343,Penny,Vernay,pvernay9i@blog.com,Female,27.61.3.227
344,Desirae,Cahey,dcahey9j@examiner.com,Male,156.24.221.125
345,Drud,Meakin,dmeakin9k@fc2.com,Male,28.250.118.143
346,Peggi,Groome,pgroome9l@phoca.cz,Male,158.95.26.130
347,Reine,Tilly,rtilly9m@youtu.be,Female,53.133.58.161
348,Tannie,Dulin,tdulin9n@engadget.com,Male,105.204.59.238
349,Graig,McMorland,gmcmorland9o@wikispaces.com,Non-binary,66.38.220.198
350,Dallis,Markovic,dmarkovic9p@nyu.edu,Female,128.247.207.252
351,Florida,Benford,fbenford9q@walmart.com,Male,96.41.61.182
352,Thorsten,Schollar,tschollar9r@phpbb.com,Male,26.95.164.190
353,Holden,Nealand,hnealand9s@google.nl,Male,103.218.74.129
354,Nedi,Durrand,ndurrand9t@theglobeandmail.com,Male,47.29.26.204
355,Gregorius,Wildgoose,gwildgoose9u@soundcloud.com,Female,59.67.134.3
356,Riccardo,MacQuist,rmacquist9v@163.com,Female,24.87.14.104
357,Cherida,Hauch,chauch9w@yelp.com,Male,127.8.200.210
358,Elizabet,Rennolds,erennolds9x@auda.org.au,Female,231.123.225.230
359,Casar,Darco,cdarco9y@discovery.com,Female,169.7.187.89
360,Ambros,McVittie,amcvittie9z@last.fm,Male,79.208.79.208
361,Rocky,Flowerdew,rflowerdewa0@privacy.gov.au,Male,202.175.30.189
362,Sigismundo,Witcomb,switcomba1@myspace.com,Bigender,223.92.108.195
363,Lanni,Nairy,lnairya2@odnoklassniki.ru,Female,83.133.143.142
364,Forrester,Alejandri,falejandria3@ebay.co.uk,Female,1.57.149.199
365,Boothe,Catherine,bcatherinea4@discovery.com,Female,202.183.161.12
366,Josselyn,Pigott,jpigotta5@cbsnews.com,Male,20.211.102.192
367,Aurelie,Jedrzejczak,ajedrzejczaka6@rambler.ru,Female,9.88.19.208
368,Myranda,Vesque,mvesquea7@sfgate.com,Male,74.71.88.16
369,Stanislaw,Bunt,sbunta8@gmpg.org,Female,245.222.178.130
370,Gerty,Gianasi,ggianasia9@dmoz.org,Male,131.137.77.40
371,Ford,Geggus,fgeggusaa@geocities.jp,Female,194.117.74.81
372,Koral,Braben,kbrabenab@chicagotribune.com,Male,85.132.25.19
373,Alexia,Finders,afindersac@hubpages.com,Male,234.108.95.236
374,Kippy,Ughelli,kughelliad@trellian.com,Female,229.172.106.106
375,Rosalinde,Janzen,rjanzenae@businessinsider.com,Male,180.102.38.144
376,Daveen,Angrove,dangroveaf@1688.com,Agender,126.169.23.140
377,Madison,Jay,mjayag@wired.com,Male,11.38.202.127
378,Essa,Philipeau,ephilipeauah@ox.ac.uk,Male,173.36.46.51
379,Moyra,Schenkel,mschenkelai@scribd.com,Male,10.128.243.226
380,Bevan,Stracey,bstraceyaj@vkontakte.ru,Male,64.238.181.27
381,Edithe,Verzey,everzeyak@prnewswire.com,Female,203.125.132.135
382,Harp,Grebbin,hgrebbinal@uiuc.edu,Female,47.249.139.116
383,Amerigo,Hevey,aheveyam@storify.com,Male,4.204.183.69
384,Edythe,Wiggett,ewiggettan@bravesites.com,Male,59.11.189.246
385,Miller,Rupert,mrupertao@vinaora.com,Female,42.54.221.251
386,L;urette,Coppins,lcoppinsap@soundcloud.com,Male,41.14.40.217
387,Davita,Addicott,daddicottaq@free.fr,Male,52.95.58.20
388,Orran,Nanninini,onannininiar@twitter.com,Male,102.193.119.187
389,Orella,Bruggeman,obruggemanas@independent.co.uk,Male,138.191.56.114
390,Melina,Boat,mboatat@army.mil,Male,224.150.230.204
391,Avictor,Schultze,aschultzeau@yellowpages.com,Male,250.77.1.95
392,Otis,Mc Dermid,omcdermidav@businessinsider.com,Female,60.80.78.63
393,Aymer,Crother,acrotheraw@nsw.gov.au,Male,73.105.100.235
394,Baldwin,Pontain,bpontainax@weibo.com,Female,3.90.151.57
395,Trefor,Eland,telanday@trellian.com,Male,94.153.58.43
396,Lazaro,Oyley,loyleyaz@harvard.edu,Male,2.38.121.121
397,Debbi,Shottin,dshottinb0@webnode.com,Female,183.158.107.49
398,Meara,Brookson,mbrooksonb1@dot.gov,Male,203.85.191.79
399,Berna,Keysel,bkeyselb2@facebook.com,Male,65.216.46.51
400,Amargo,Preator,apreatorb3@forbes.com,Female,215.43.30.247
401,Beitris,Tenniswood,btenniswoodb4@dion.ne.jp,Female,8.9.118.62
402,Tony,Keaveney,tkeaveneyb5@google.de,Female,248.127.19.145
403,Matt,Andreolli,mandreollib6@telegraph.co.uk,Female,174.190.139.185
404,Tiffanie,Calderwood,tcalderwoodb7@theguardian.com,Male,93.228.97.148
405,Mella,Crosskill,mcrosskillb8@jimdo.com,Female,237.81.107.59
406,Nicolette,McClinton,nmcclintonb9@vinaora.com,Female,17.250.189.0
407,Delbert,Sanderson,dsandersonba@ifeng.com,Female,207.37.173.168
408,Robinet,Izkovici,rizkovicibb@sina.com.cn,Male,124.168.96.94
409,Onfroi,De Coursey,odecourseybc@topsy.com,Female,61.217.217.55
410,Nomi,Bowgen,nbowgenbd@lycos.com,Female,117.23.0.195
411,Fayina,Van Arsdall,fvanarsdallbe@wikimedia.org,Female,165.110.251.151
412,Reginauld,Bygott,rbygottbf@netlog.com,Female,188.50.41.179
413,Rowen,Stancliffe,rstancliffebg@europa.eu,Female,234.96.177.49
414,Zandra,Seaborne,zseabornebh@ucoz.com,Male,62.56.163.135
415,Rosie,Scarrisbrick,rscarrisbrickbi@who.int,Non-binary,191.107.73.15
416,Elicia,Crut,ecrutbj@uiuc.edu,Male,134.75.138.196
417,Reine,Fullard,rfullardbk@parallels.com,Female,178.215.13.120
418,Stefania,Kovalski,skovalskibl@phpbb.com,Female,230.120.11.83
419,Haskell,Tyhurst,htyhurstbm@mysql.com,Female,7.166.93.85
420,Lauraine,Gliddon,lgliddonbn@dyndns.org,Male,173.155.255.237
421,Bentley,Lintot,blintotbo@flickr.com,Female,48.63.46.3
422,Gare,Fripps,gfrippsbp@unblog.fr,Male,225.65.225.149
423,Gerrilee,Goodsall,ggoodsallbq@archive.org,Female,96.208.83.57
424,Stavro,Antoniottii,santoniottiibr@abc.net.au,Male,33.34.74.136
425,Devonne,Eisenberg,deisenbergbs@cnet.com,Female,130.223.56.215
426,Valentia,Kettow,vkettowbt@ucoz.com,Female,139.57.255.79
427,Thaddeus,Craythorne,tcraythornebu@mac.com,Male,233.240.77.69
428,Roddy,Fliege,rfliegebv@ibm.com,Female,239.238.169.73
429,Lora,MacKerley,lmackerleybw@livejournal.com,Female,193.17.29.240
430,Towney,Kelly,tkellybx@businessweek.com,Female,123.207.113.13
431,Felisha,Godfray,fgodfrayby@dagondesign.com,Female,171.118.218.11
432,Guy,Olivera,goliverabz@nydailynews.com,Male,12.21.119.140
433,Flossi,Whiterod,fwhiterodc0@jugem.jp,Male,240.36.143.192
434,Marci,Giberd,mgiberdc1@hc360.com,Female,213.55.74.251
435,Elbert,Tohill,etohillc2@ebay.co.uk,Female,79.242.3.63
436,Loleta,Dingley,ldingleyc3@ucsd.edu,Male,66.191.29.196
437,Welch,Bewsy,wbewsyc4@desdev.cn,Male,101.215.26.145
438,Honor,Heinish,hheinishc5@irs.gov,Female,232.136.245.13
439,Hamid,O'Sherin,hosherinc6@state.tx.us,Female,204.246.228.134
440,Baron,Livingston,blivingstonc7@japanpost.jp,Female,215.56.216.52
441,Murdock,MacGillespie,mmacgillespiec8@indiatimes.com,Female,94.101.31.113
442,Tyson,Whelband,twhelbandc9@barnesandnoble.com,Polygender,200.114.65.61
443,Alleyn,Mouland,amoulandca@usnews.com,Male,140.23.226.27
444,Liz,Crilley,lcrilleycb@hc360.com,Female,62.179.186.34
445,Cleon,Hocking,chockingcc@howstuffworks.com,Male,32.145.14.3
446,Reagen,Bezley,rbezleycd@smh.com.au,Female,230.193.101.234
447,Kaile,Mayward,kmaywardce@stumbleupon.com,Female,55.142.178.197
448,Donelle,Lovitt,dlovittcf@pagesperso-orange.fr,Female,171.4.130.32
449,Harvey,McQuaker,hmcquakercg@storify.com,Male,165.226.167.173
450,Aldous,Beiderbeck,abeiderbeckch@furl.net,Female,78.191.180.18
451,Gram,Ollerenshaw,gollerenshawci@taobao.com,Male,251.115.231.154
452,Benjy,Heaker,bheakercj@indiatimes.com,Male,162.114.39.90
453,Billy,Divell,bdivellck@angelfire.com,Male,18.93.236.21
454,Ev,Byneth,ebynethcl@reuters.com,Female,218.156.71.191
455,Rollin,Ceschi,rceschicm@eventbrite.com,Genderfluid,166.84.234.163
456,Ingaborg,Smogur,ismogurcn@geocities.jp,Female,46.225.213.220
457,Nancee,Sline,nslineco@tumblr.com,Male,221.126.115.186
458,Lou,Sawter,lsawtercp@unc.edu,Male,159.196.214.93
459,Libby,Broxton,lbroxtoncq@mayoclinic.com,Female,61.2.65.193
460,Wat,Knolles-Green,wknollesgreencr@de.vu,Female,42.30.112.105
461,Gradey,Aloshikin,galoshikincs@google.com.au,Male,237.25.117.233
462,Evyn,Stallibrass,estallibrassct@elpais.com,Male,34.193.29.30
463,Britt,Strike,bstrikecu@discuz.net,Female,91.76.226.199
464,Desiree,O'Gormally,dogormallycv@berkeley.edu,Genderfluid,142.152.253.162
465,Estrella,McCrainor,emccrainorcw@nba.com,Female,232.37.194.21
466,Ursuline,Jakubowsky,ujakubowskycx@cmu.edu,Female,45.42.69.224
467,Josi,Jozefowicz,jjozefowiczcy@wikimedia.org,Female,62.88.81.146
468,Benoit,Grigoroni,bgrigoronicz@simplemachines.org,Male,76.43.148.86
469,Blake,Jeynes,bjeynesd0@livejournal.com,Male,226.19.255.170
470,Saleem,Dawbury,sdawburyd1@istockphoto.com,Female,82.236.81.69
471,Bing,Peckham,bpeckhamd2@economist.com,Female,5.158.88.247
472,Chelsae,Handrock,chandrockd3@netlog.com,Polygender,99.58.250.38
473,Nestor,Maus,nmausd4@netscape.com,Female,211.35.137.64
474,Kalinda,Puckey,kpuckeyd5@constantcontact.com,Female,75.143.188.158
475,Elizabeth,Prattin,eprattind6@acquirethisname.com,Female,103.167.156.125
476,Durante,McRannell,dmcrannelld7@cloudflare.com,Female,195.132.78.213
477,Cissy,Perrie,cperried8@yahoo.com,Genderfluid,94.36.44.11
478,Giovanni,Scarth,gscarthd9@youtube.com,Female,80.24.132.18
479,Jack,Kemery,jkemeryda@oakley.com,Female,36.73.182.186
480,Jerome,Lorraine,jlorrainedb@msu.edu,Male,183.159.70.153
481,Marijn,Delf,mdelfdc@123-reg.co.uk,Female,160.27.18.21
482,Aristotle,Mustchin,amustchindd@e-recht24.de,Genderfluid,248.125.38.205
483,Brett,Ahern,bahernde@thetimes.co.uk,Female,243.5.18.163
484,Morton,Arnald,marnalddf@zimbio.com,Male,3.178.123.208
485,Sauveur,Housego,shousegodg@typepad.com,Female,174.152.254.47
486,Vilhelmina,Sebyer,vsebyerdh@statcounter.com,Female,93.15.62.21
487,Haze,Felder,hfelderdi@tamu.edu,Female,190.11.18.1
488,Lissi,Eltringham,leltringhamdj@thetimes.co.uk,Male,50.178.96.98
489,Rafaela,Lowis,rlowisdk@xrea.com,Non-binary,13.202.112.25
490,Shandy,Brunelleschi,sbrunelleschidl@typepad.com,Male,51.23.253.15
491,Sherline,Olifard,solifarddm@cbc.ca,Male,7.120.151.227
492,Hester,Simcoe,hsimcoedn@sogou.com,Female,243.190.78.2
493,Blair,Crewes,bcrewesdo@tumblr.com,Agender,164.64.2.188
494,Garik,Gilloran,ggillorandp@scribd.com,Male,15.106.2.184
495,Lacy,Bountiff,lbountiffdq@shareasale.com,Male,123.101.168.226
496,Jedidiah,Blanc,jblancdr@facebook.com,Female,139.243.166.97
497,Georgeanna,Puttnam,gputtnamds@google.com.br,Male,112.10.114.154
498,Dorthea,Gristhwaite,dgristhwaitedt@imgur.com,Agender,126.112.133.199
499,Weylin,O'Mara,womaradu@fastcompany.com,Female,151.101.26.229
500,Latrena,Rousell,lrouselldv@hud.gov,Male,48.4.2.122
501,Jonis,Filyaev,jfilyaevdw@icio.us,Female,161.158.69.80
502,Tabb,Emeney,temeneydx@printfriendly.com,Female,211.58.24.229
503,Scarlet,Quayle,squayledy@globo.com,Female,1.96.150.158
504,Devonna,Sheivels,dsheivelsdz@slashdot.org,Female,129.194.166.130
505,Candida,Cluely,ccluelye0@cam.ac.uk,Male,192.95.101.117
506,Chev,Timmes,ctimmese1@nih.gov,Male,82.44.95.8
507,Nick,Kleynen,nkleynene2@cnn.com,Female,88.194.85.189
508,Hollie,Brundale,hbrundalee3@spiegel.de,Female,218.18.100.246
509,Damaris,Salvage,dsalvagee4@thetimes.co.uk,Female,96.205.240.130
510,Gilli,Huntriss,ghuntrisse5@jiathis.com,Female,41.34.39.235
511,Abelard,Falkingham,afalkinghame6@paginegialle.it,Male,35.124.90.17
512,Andrej,Edmonson,aedmonsone7@t.co,Male,127.180.165.13
513,Roxanne,Smissen,rsmissene8@boston.com,Agender,115.84.221.193
514,Lucine,Coorington,lcooringtone9@phpbb.com,Female,137.224.189.48
515,Sherlock,Greeson,sgreesonea@reddit.com,Male,228.6.65.246
516,Huberto,Torricella,htorricellaeb@hexun.com,Female,240.178.99.63
517,Flory,Sedgemore,fsedgemoreec@miibeian.gov.cn,Female,133.250.220.84
518,Grenville,Meenehan,gmeenehaned@ezinearticles.com,Female,223.235.141.108
519,Nathaniel,Schutte,nschutteee@shinystat.com,Female,195.62.52.217
520,Isac,Sherme,ishermeef@bizjournals.com,Female,187.128.219.33
521,Flossy,Ewebank,fewebankeg@mapy.cz,Male,201.239.99.223
522,Polly,McCall,pmccalleh@irs.gov,Female,20.12.71.53
523,Velma,Fellgate,vfellgateei@google.co.jp,Male,214.155.9.148
524,Ashlan,Towns,atownsej@prnewswire.com,Female,62.69.26.105
525,Bill,Thistleton,bthistletonek@si.edu,Female,116.233.36.39
526,Jennette,Endrighi,jendrighiel@eepurl.com,Female,84.243.177.157
527,Marlo,Goalby,mgoalbyem@123-reg.co.uk,Male,229.255.18.217
528,Christyna,Avison,cavisonen@boston.com,Male,176.199.180.224
529,Meyer,Rabjohn,mrabjohneo@wisc.edu,Female,134.222.142.143
530,Nanine,Rumens,nrumensep@chronoengine.com,Male,73.8.22.132
531,Saleem,Letham,slethameq@wordpress.com,Male,105.214.138.144
532,Roxy,Darwen,rdarwener@sakura.ne.jp,Female,23.23.63.244
533,Katha,Seeler,kseeleres@feedburner.com,Male,82.11.200.18
534,Loralie,Risley,lrisleyet@gravatar.com,Agender,39.184.107.223
535,Loren,Laye,llayeeu@washingtonpost.com,Male,68.178.136.110
536,Cyrus,Benedicto,cbenedictoev@ihg.com,Male,39.200.130.74
537,Catlin,Inchbald,cinchbaldew@ihg.com,Female,150.26.191.164
538,Bria,Puller,bpullerex@wsj.com,Agender,199.137.13.161
539,Budd,Yarrall,byarralley@freewebs.com,Female,201.228.79.220
540,Mellisa,Clatworthy,mclatworthyez@alexa.com,Female,112.31.134.105
541,Idelle,MacAllaster,imacallasterf0@yahoo.com,Female,220.193.115.55
542,Augie,Lehrmann,alehrmannf1@blog.com,Genderqueer,31.152.157.246
543,Chane,Kinchington,ckinchingtonf2@statcounter.com,Genderqueer,153.90.220.232
544,Mathias,Spur,mspurf3@ehow.com,Female,75.12.250.45
545,Stanly,Ghidoni,sghidonif4@yolasite.com,Female,248.157.122.65
546,Philis,Kerrey,pkerreyf5@trellian.com,Female,247.200.119.27
547,Fenelia,Llewellen,fllewellenf6@epa.gov,Female,144.155.164.139
548,Christoffer,Ximenez,cximenezf7@php.net,Female,209.195.251.24
549,Dael,Covolini,dcovolinif8@naver.com,Male,145.107.134.224
550,Courtnay,Boase,cboasef9@amazon.co.jp,Non-binary,231.90.172.85
551,Adiana,Sampey,asampeyfa@smh.com.au,Genderfluid,163.123.226.64
552,Darbie,Dahlberg,ddahlbergfb@shop-pro.jp,Male,37.90.85.135
553,Darcie,Santino,dsantinofc@github.io,Polygender,56.195.119.111
554,Westbrooke,Heindrick,wheindrickfd@elegantthemes.com,Female,193.103.1.132
555,Rickie,Rochester,rrochesterfe@utexas.edu,Female,253.131.10.82
556,Bernie,Defond,bdefondff@marriott.com,Bigender,52.175.18.31
557,Valina,Cluff,vclufffg@upenn.edu,Male,141.209.197.237
558,Amelina,Shovelton,ashoveltonfh@psu.edu,Male,110.96.180.27
559,Eddi,Sefton,eseftonfi@furl.net,Male,248.201.132.248
560,Cordula,Huson,chusonfj@sina.com.cn,Male,37.73.199.53
561,Marissa,Wais,mwaisfk@parallels.com,Male,85.143.90.206
562,Candis,Taffrey,ctaffreyfl@i2i.jp,Polygender,142.66.224.157
563,Regine,Tabrett,rtabrettfm@sogou.com,Genderqueer,171.30.252.29
564,Terrill,Kesten,tkestenfn@cdc.gov,Female,91.179.72.132
565,Huntington,Marflitt,hmarflittfo@cargocollective.com,Female,223.37.252.76
566,Katey,Gilbart,kgilbartfp@friendfeed.com,Polygender,64.119.208.227
567,Bernard,Widdowfield,bwiddowfieldfq@over-blog.com,Female,72.7.21.149
568,Zora,Itzcovich,zitzcovichfr@noaa.gov,Male,33.204.96.83
569,Ailene,Pettersen,apettersenfs@archive.org,Non-binary,157.38.211.64
570,Stern,Hatje,shatjeft@nytimes.com,Male,211.75.158.208
571,Huntlee,Northin,hnorthinfu@theatlantic.com,Male,246.30.36.144
572,Chelsey,Mengo,cmengofv@washington.edu,Male,176.75.207.168
573,Ive,Ruggs,iruggsfw@yahoo.co.jp,Male,7.112.186.216
574,Codie,Shenfisch,cshenfischfx@slate.com,Male,190.25.194.127
575,Gawain,Gulleford,ggullefordfy@upenn.edu,Male,58.201.23.161
576,Harlin,Rumens,hrumensfz@springer.com,Male,188.190.236.149
577,Garrard,Matys,gmatysg0@uol.com.br,Female,171.232.9.69
578,Dominga,Rigbye,drigbyeg1@ovh.net,Female,210.115.92.94
579,Vivyanne,Plumptre,vplumptreg2@behance.net,Female,3.90.206.76
580,Dewain,Caldera,dcalderag3@bigcartel.com,Female,68.42.205.38
581,Lizzie,Hugin,lhuging4@canalblog.com,Male,161.136.118.59
582,Maire,Bulfoy,mbulfoyg5@storify.com,Female,141.239.191.134
583,Tatiania,Gulberg,tgulbergg6@mtv.com,Female,191.186.176.85
584,Banky,Barrack,bbarrackg7@imgur.com,Male,78.130.214.238
585,Cathe,Ghiroldi,cghiroldig8@yelp.com,Female,39.200.187.255
586,Neel,Ledram,nledramg9@census.gov,Female,207.208.48.88
587,Micheal,Tipping,mtippingga@wordpress.org,Male,62.176.35.22
588,Marylin,Poole,mpoolegb@webeden.co.uk,Female,178.165.112.19
589,Dyana,Fee,dfeegc@un.org,Female,252.187.96.172
590,Darcee,Cabral,dcabralgd@behance.net,Female,28.190.104.163
591,Ernestine,Harmes,eharmesge@mediafire.com,Female,226.244.221.22
592,Demetre,Dagg,ddagggf@bravesites.com,Female,125.164.188.147
593,Dennis,Arminger,darmingergg@nsw.gov.au,Male,167.178.27.85
594,Karry,Jedrzejczyk,kjedrzejczykgh@ebay.co.uk,Female,98.243.89.24
595,Suki,Andersen,sandersengi@amazonaws.com,Male,246.80.11.12
596,Jamison,Jobbins,jjobbinsgj@ezinearticles.com,Male,162.55.108.138
597,Kipp,Vlies,kvliesgk@github.io,Male,182.68.114.191
598,Emelyne,Meriot,emeriotgl@mashable.com,Female,222.103.184.66
599,Justinian,Peddar,jpeddargm@amazon.de,Male,171.131.26.0
600,Moritz,Abells,mabellsgn@hibu.com,Male,18.10.62.230
601,Sebastien,Fluit,sfluitgo@mozilla.com,Male,141.122.12.136
602,Clementina,Hellcat,chellcatgp@bluehost.com,Male,141.150.241.4
603,Korrie,Lube,klubegq@technorati.com,Male,53.93.215.164
604,Antonina,Cromblehome,acromblehomegr@ed.gov,Male,91.120.249.80
605,Shayla,Clemmensen,sclemmensengs@acquirethisname.com,Female,90.118.139.198
606,Jennette,Baldick,jbaldickgt@nationalgeographic.com,Female,8.62.113.97
607,Ariana,Dunham,adunhamgu@skyrock.com,Male,77.67.93.44
608,Curry,Stallion,cstalliongv@indiatimes.com,Male,120.112.73.187
609,Carol-jean,Gilhouley,cgilhouleygw@blogspot.com,Female,196.122.169.152
610,Bibi,Risby,brisbygx@altervista.org,Female,183.242.56.209
611,Danit,Antonich,dantonichgy@godaddy.com,Male,75.151.0.61
612,Mallory,Sleep,msleepgz@businessinsider.com,Male,108.57.207.212
613,Barnabas,Backhurst,bbackhursth0@ucoz.com,Female,50.231.193.99
614,Marilyn,Jaycocks,mjaycocksh1@ihg.com,Female,20.129.236.61
615,Alanah,Klimentov,aklimentovh2@vkontakte.ru,Male,151.155.4.249
616,Aube,Splevings,asplevingsh3@newsvine.com,Male,132.181.222.20
617,Constantin,Martellini,cmartellinih4@t.co,Female,200.192.142.82
618,Toma,Pemberton,tpembertonh5@phpbb.com,Male,78.236.83.120
619,Osborne,Rendbaek,orendbaekh6@github.com,Female,103.141.185.95
620,Pavla,Mathelon,pmathelonh7@ox.ac.uk,Female,186.209.138.216
621,Rourke,Brydon,rbrydonh8@wsj.com,Female,219.24.196.250
622,Carlee,Weathey,cweatheyh9@hao123.com,Female,128.169.172.67
623,Grazia,Gadesby,ggadesbyha@networkadvertising.org,Female,198.201.100.81
624,Kate,Matanin,kmataninhb@tinyurl.com,Female,176.217.54.220
625,Roderic,Dumke,rdumkehc@independent.co.uk,Female,15.152.73.4
626,Burke,Wolford,bwolfordhd@thetimes.co.uk,Male,155.12.154.98
627,Tulley,Vanyard,tvanyardhe@spiegel.de,Female,176.195.35.132
628,Alisander,Haslegrave,ahaslegravehf@deliciousdays.com,Male,217.153.193.127
629,Dorree,Feast,dfeasthg@independent.co.uk,Female,230.169.56.95
630,Timothy,Burns,tburnshh@dailymotion.com,Female,104.74.250.160
631,Sky,Johansson,sjohanssonhi@opensource.org,Female,78.52.83.106
632,Catie,Pharaoh,cpharaohhj@accuweather.com,Female,122.66.139.135
633,Juditha,Hargey,jhargeyhk@utexas.edu,Female,5.193.64.190
634,Judy,Thomas,jthomashl@wired.com,Male,102.243.21.165
635,Isaak,Moreside,imoresidehm@bloglovin.com,Female,46.140.29.139
636,Phaidra,Pleasaunce,ppleasauncehn@php.net,Male,124.20.28.84
637,Heda,Beneyto,hbeneytoho@webeden.co.uk,Female,245.204.84.121
638,Kenna,Gronno,kgronnohp@symantec.com,Female,121.7.144.79
639,Gherardo,Arney,garneyhq@miibeian.gov.cn,Female,65.207.250.106
640,Celina,Slocket,cslockethr@netvibes.com,Male,238.8.237.41
641,Alexi,Stookes,astookeshs@ihg.com,Male,54.220.149.232
642,Othilia,Shiels,oshielsht@virginia.edu,Female,97.148.185.202
643,Phillis,Speck,pspeckhu@latimes.com,Male,80.114.108.64
644,Patrizius,Benne,pbennehv@wp.com,Male,116.217.252.76
645,Carmencita,Ashe,cashehw@nymag.com,Male,11.52.108.232
646,Trefor,Crowcombe,tcrowcombehx@devhub.com,Genderqueer,16.99.102.40
647,Tamra,Cardenosa,tcardenosahy@youtube.com,Male,251.150.189.107
648,Tan,Bardell,tbardellhz@who.int,Female,145.110.237.234
649,Eldredge,Pauer,epaueri0@friendfeed.com,Female,83.74.151.8
650,Arne,Reijmers,areijmersi1@statcounter.com,Male,77.247.152.157
651,Briny,Scain,bscaini2@dmoz.org,Polygender,205.206.76.0
652,Evan,Leber,eleberi3@state.gov,Female,168.80.29.204
653,Joel,Hanalan,jhanalani4@umn.edu,Female,236.195.195.206
654,Aida,Casini,acasinii5@sitemeter.com,Bigender,147.232.164.155
655,Brannon,Toulson,btoulsoni6@prlog.org,Female,20.36.39.99
656,Sharleen,Aasaf,saasafi7@google.com.au,Female,201.92.22.225
657,Trueman,Ocklin,tocklini8@mashable.com,Agender,94.96.52.42
658,Dunn,Joscelyne,djoscelynei9@hud.gov,Female,253.143.18.213
659,Janice,Just,jjustia@imageshack.us,Male,101.195.226.207
660,Manfred,Oldman,moldmanib@ycombinator.com,Male,43.166.7.161
661,Rabi,McWhinnie,rmcwhinnieic@dailymotion.com,Male,83.248.63.22
662,Gino,Brunger,gbrungerid@stanford.edu,Male,14.27.140.55
663,Francoise,Mouget,fmougetie@google.com,Male,202.251.43.196
664,Gian,Cathel,gcathelif@squidoo.com,Female,184.221.97.93
665,Jethro,Endle,jendleig@alibaba.com,Male,177.245.210.67
666,Ches,Robertet,crobertetih@un.org,Male,201.98.155.250
667,Carola,Kilfedder,ckilfedderii@sakura.ne.jp,Male,216.97.215.255
668,Liana,Vedstra,lvedstraij@goo.gl,Female,53.110.196.246
669,Flossi,Dreelan,fdreelanik@slate.com,Female,80.134.50.117
670,Karoly,Kopfer,kkopferil@soup.io,Male,165.140.170.68
671,Alanson,Trowsdale,atrowsdaleim@constantcontact.com,Female,43.199.197.66
672,Selig,Tirrell,stirrellin@behance.net,Female,78.147.114.168
673,Giovanna,Hover,ghoverio@naver.com,Male,130.130.165.235
674,Aeriell,Powdrell,apowdrellip@bizjournals.com,Male,187.8.172.40
675,Guenna,Hizir,ghiziriq@elegantthemes.com,Male,133.47.187.243
676,Maegan,Street,mstreetir@jiathis.com,Male,173.62.165.129
677,Kiley,Tootell,ktootellis@walmart.com,Non-binary,87.42.240.158
678,Mar,Rainy,mrainyit@mozilla.com,Female,141.148.78.140
679,Reynold,Kitcherside,rkitchersideiu@lulu.com,Male,158.111.210.250
680,Salli,Meade,smeadeiv@tiny.cc,Female,228.14.160.216
681,Milissent,Coventon,mcoventoniw@examiner.com,Female,55.15.58.200
682,Akim,Treadger,atreadgerix@comsenz.com,Female,7.205.100.13
683,Odey,Duckerin,oduckeriniy@wordpress.com,Male,159.221.57.89
684,Sumner,Stroton,sstrotoniz@domainmarket.com,Male,215.151.151.89
685,Ondrea,Masterman,omastermanj0@usnews.com,Male,189.139.28.219
686,Antonietta,Klyner,aklynerj1@ibm.com,Female,74.196.111.5
687,Maire,Bachmann,mbachmannj2@shutterfly.com,Male,10.77.42.201
688,Dasi,Curdell,dcurdellj3@fotki.com,Male,9.143.195.98
689,Ab,Trace,atracej4@soup.io,Female,237.43.14.210
690,Connie,Cranidge,ccranidgej5@angelfire.com,Female,246.50.226.47
691,Jacques,Colwill,jcolwillj6@weather.com,Female,31.115.17.142
692,Noelyn,Lineen,nlineenj7@example.com,Male,179.93.241.186
693,Dolf,Langcaster,dlangcasterj8@dropbox.com,Genderqueer,92.38.165.185
694,Roch,McKinna,rmckinnaj9@dailymotion.com,Male,127.199.222.127
695,Pete,Saill,psaillja@infoseek.co.jp,Female,202.152.176.92
696,Gwyn,Manoch,gmanochjb@sourceforge.net,Female,4.128.52.81
697,Ariela,Corkitt,acorkittjc@bigcartel.com,Male,29.45.54.174
698,Alejandra,Tincknell,atincknelljd@abc.net.au,Male,142.25.153.8
699,Gabi,Snoxill,gsnoxillje@bigcartel.com,Female,47.91.78.186
700,Jordanna,Barsam,jbarsamjf@ning.com,Male,11.244.215.254
701,Dita,McEnhill,dmcenhilljg@barnesandnoble.com,Male,223.224.36.86
702,Vlad,Tollerfield,vtollerfieldjh@facebook.com,Female,91.247.254.71
703,Danika,Sellick,dsellickji@i2i.jp,Female,95.110.83.116
704,Thorn,Hanscombe,thanscombejj@stanford.edu,Agender,106.41.213.157
705,Waiter,Dwyr,wdwyrjk@gnu.org,Female,89.39.54.140
706,Carling,Gulley,cgulleyjl@miibeian.gov.cn,Female,162.78.215.246
707,Obie,Rodolphe,orodolphejm@gizmodo.com,Genderqueer,143.99.185.143
708,Haily,Mac Giolla Pheadair,hmacgiollapheadairjn@ehow.com,Female,145.225.38.212
709,Wilhelmina,Comberbeach,wcomberbeachjo@home.pl,Male,58.226.180.82
710,Fawn,Corradetti,fcorradettijp@slate.com,Male,126.39.131.119
711,Elisha,Chastey,echasteyjq@gravatar.com,Male,62.217.147.113
712,Ninette,Beevens,nbeevensjr@newyorker.com,Male,152.251.58.181
713,Leonelle,Oxbie,loxbiejs@ucoz.ru,Female,203.128.113.87
714,Genovera,Gerty,ggertyjt@webnode.com,Female,175.99.167.29
715,Deloris,Isson,dissonju@youtube.com,Bigender,175.195.230.241
716,Rolando,Orlton,rorltonjv@ft.com,Male,154.39.49.132
717,Alphard,Rake,arakejw@clickbank.net,Female,69.231.122.46
718,Norry,Dymoke,ndymokejx@linkedin.com,Male,78.222.13.222
719,Anders,Ferson,afersonjy@friendfeed.com,Female,13.62.132.80
720,Gizela,Barradell,gbarradelljz@walmart.com,Female,177.220.6.22
721,Elianore,Wallbutton,ewallbuttonk0@apple.com,Male,102.35.12.23
722,Ellsworth,Godfery,egodferyk1@miibeian.gov.cn,Female,157.113.202.63
723,Lida,Snarr,lsnarrk2@army.mil,Female,83.40.160.30
724,Beryle,Posnette,bposnettek3@redcross.org,Male,2.135.57.137
725,Kizzee,Grafom,kgrafomk4@yahoo.com,Female,105.2.123.187
726,Gregory,Magner,gmagnerk5@ft.com,Female,156.8.82.239
727,Kipper,Moyler,kmoylerk6@mashable.com,Female,174.151.44.189
728,Dave,Blindermann,dblindermannk7@hibu.com,Male,92.171.125.229
729,Sascha,Latch,slatchk8@uol.com.br,Female,251.255.52.128
730,Keenan,Cammell,kcammellk9@imageshack.us,Male,72.234.5.195
731,Karina,Kimm,kkimmka@addthis.com,Female,25.204.92.115
732,Gennifer,Baxstare,gbaxstarekb@npr.org,Female,24.175.214.183
733,Elsi,Gascoigne,egascoignekc@blog.com,Female,197.97.15.22
734,Angelico,Shallcross,ashallcrosskd@tmall.com,Male,78.254.71.15
735,Ivonne,Berre,iberreke@seattletimes.com,Male,220.46.251.82
736,Cherin,Brumfitt,cbrumfittkf@mediafire.com,Non-binary,107.173.46.229
737,Win,McCurley,wmccurleykg@skype.com,Male,187.158.189.219
738,Leonanie,De Wolfe,ldewolfekh@fotki.com,Female,86.9.4.253
739,Viki,Bartley,vbartleyki@bloomberg.com,Female,125.29.29.162
740,Clerkclaude,Prandoni,cprandonikj@people.com.cn,Female,147.121.33.183
741,Madelle,Spacy,mspacykk@dion.ne.jp,Male,171.21.188.184
742,Lucinda,Lindeboom,llindeboomkl@va.gov,Female,195.22.72.148
743,Ashli,Coraini,acorainikm@merriam-webster.com,Female,17.135.14.119
744,Donni,Greenrod,dgreenrodkn@ucla.edu,Male,126.130.112.222
745,Coletta,Birley,cbirleyko@dedecms.com,Female,51.99.252.137
746,Annelise,Muncie,amunciekp@prlog.org,Male,247.252.134.36
747,Tome,Crayden,tcraydenkq@delicious.com,Female,104.241.230.12
748,Beverly,Lennard,blennardkr@amazon.com,Polygender,19.85.175.217
749,Lian,Critchley,lcritchleyks@biblegateway.com,Female,8.4.201.103
750,Kerk,Maffy,kmaffykt@sitemeter.com,Male,226.147.202.200
751,Aldin,Czajka,aczajkaku@webnode.com,Female,123.206.101.92
752,Sky,Chuney,schuneykv@telegraph.co.uk,Female,105.214.206.196
753,Leandra,Klimsch,lklimschkw@cyberchimps.com,Female,115.133.138.203
754,Anabella,Espasa,aespasakx@yahoo.co.jp,Female,117.38.168.64
755,Katuscha,Lattie,klattieky@ezinearticles.com,Male,133.148.158.86
756,Nathaniel,Dawidowitz,ndawidowitzkz@comcast.net,Female,145.217.243.202
757,Marianne,O' Reagan,moreaganl0@netlog.com,Male,130.187.180.174
758,Alair,McCafferky,amccafferkyl1@arstechnica.com,Male,214.183.203.49
759,Karna,Hamly,khamlyl2@marketwatch.com,Male,188.186.6.198
760,Carley,Vince,cvincel3@chron.com,Female,78.252.192.210
761,Hart,Nicholls,hnichollsl4@nhs.uk,Male,126.75.179.253
762,Lamont,Curm,lcurml5@apache.org,Female,209.54.58.184
763,Clevey,Goodliffe,cgoodliffel6@homestead.com,Female,182.236.184.8
764,Egbert,Steddall,esteddalll7@bloglovin.com,Male,218.244.173.4
765,Quentin,Boulding,qbouldingl8@arstechnica.com,Female,150.8.164.122
766,Adda,Dusey,aduseyl9@prlog.org,Male,240.10.4.41
767,Jase,Donan,jdonanla@blog.com,Male,48.14.177.184
768,Carri,Zoephel,czoephellb@yellowpages.com,Agender,151.117.65.227
769,Hoebart,Flippini,hflippinilc@unicef.org,Male,255.177.149.143
770,Concordia,Grand,cgrandld@twitter.com,Male,207.233.245.42
771,Perla,Capnor,pcapnorle@jimdo.com,Female,78.161.166.146
772,Des,Vurley,dvurleylf@surveymonkey.com,Female,30.201.202.100
773,Lissy,Blazewski,lblazewskilg@uiuc.edu,Female,10.113.3.15
774,Bill,Shilburne,bshilburnelh@sogou.com,Female,140.56.34.198
775,Damita,Raleston,dralestonli@blog.com,Male,214.210.220.74
776,Dorise,Whinray,dwhinraylj@aol.com,Female,162.136.185.173
777,Pepito,Landells,plandellslk@ed.gov,Male,241.200.206.156
778,Husein,Netley,hnetleyll@imdb.com,Female,68.253.92.109
779,Alvan,Petren,apetrenlm@earthlink.net,Male,151.80.209.67
780,Datha,Eyckelbeck,deyckelbeckln@flavors.me,Female,7.39.41.210
781,Lavinie,Fahrenbacher,lfahrenbacherlo@purevolume.com,Female,135.47.138.186
782,Steven,Scrase,sscraselp@icq.com,Male,237.218.132.77
783,Cora,Simo,csimolq@dropbox.com,Male,136.175.13.144
784,Marian,Mandal,mmandallr@pbs.org,Female,175.75.222.254
785,Desirae,Lavallin,dlavallinls@who.int,Female,249.61.158.1
786,Boyd,Manchett,bmanchettlt@google.es,Female,216.245.153.15
787,Saunder,Jirik,sjiriklu@ifeng.com,Male,118.165.199.201
788,Krista,Avramchik,kavramchiklv@netscape.com,Female,202.97.191.251
789,Cass,Hetterich,chetterichlw@etsy.com,Female,224.116.89.140
790,Rourke,Tamblingson,rtamblingsonlx@reddit.com,Female,123.212.201.66
791,Rock,Pattillo,rpattilloly@nifty.com,Male,249.50.101.156
792,Conney,Durman,cdurmanlz@census.gov,Male,162.47.11.203
793,Freda,Smeeton,fsmeetonm0@webs.com,Male,217.65.62.176
794,Letizia,Cullinan,lcullinanm1@opera.com,Male,148.194.120.110
795,Giacomo,Kimmince,gkimmincem2@jigsy.com,Male,63.223.110.138
796,Harmonie,Kleynermans,hkleynermansm3@list-manage.com,Female,237.14.43.107
797,Winthrop,Coulson,wcoulsonm4@state.gov,Female,179.158.193.171
798,Kendre,Cream,kcreamm5@drupal.org,Female,189.199.49.62
799,Jule,Organ,jorganm6@google.com.au,Male,143.112.234.107
800,Carr,Rankling,cranklingm7@cdc.gov,Genderfluid,85.119.136.240
801,Heddie,Whicher,hwhicherm8@springer.com,Male,71.71.239.251
802,Shane,Coxhell,scoxhellm9@forbes.com,Bigender,48.0.186.80
803,Elly,Le Lievre,elelievrema@liveinternet.ru,Male,24.233.27.27
804,Jobey,Bone,jbonemb@geocities.jp,Male,49.35.182.250
805,Roderic,Mulvagh,rmulvaghmc@cbc.ca,Female,18.231.44.31
806,Estell,McClintock,emcclintockmd@si.edu,Non-binary,188.95.91.1
807,Clemence,Ravilious,craviliousme@pagesperso-orange.fr,Female,237.52.219.11
808,Denys,Hilhouse,dhilhousemf@sourceforge.net,Male,75.162.193.224
809,Connor,Mullins,cmullinsmg@ca.gov,Female,226.102.174.42
810,Jaime,Molden,jmoldenmh@qq.com,Male,223.204.28.71
811,Carmella,Seviour,cseviourmi@wired.com,Male,32.49.52.187
812,Miran,Miranda,mmirandamj@prlog.org,Male,85.79.28.198
813,Kimbra,Wildish,kwildishmk@nbcnews.com,Genderfluid,183.165.148.101
814,Jerrie,Lester,jlesterml@engadget.com,Male,121.33.59.177
815,Rolph,Holbie,rholbiemm@cam.ac.uk,Male,41.82.243.90
816,Jeannette,Matzl,jmatzlmn@freewebs.com,Male,1.191.117.20
817,Elbertina,Rosenfrucht,erosenfruchtmo@github.io,Male,227.199.108.53
818,Ken,McCullough,kmcculloughmp@nih.gov,Female,181.227.225.22
819,Teri,Copozio,tcopoziomq@reference.com,Female,121.60.223.241
820,Andrei,Klimp,aklimpmr@addtoany.com,Male,0.112.112.175
821,Barbabra,Leverage,bleveragems@networksolutions.com,Female,20.240.3.211
822,Ernie,Fairnie,efairniemt@devhub.com,Male,144.247.118.219
823,Dorthy,Hanshawe,dhanshawemu@bandcamp.com,Male,145.23.135.42
824,Mervin,Ferronet,mferronetmv@google.com.hk,Male,58.26.255.51
825,Barnabe,Longforth,blongforthmw@eventbrite.com,Female,102.178.79.25
826,Hyacinthia,Sherlaw,hsherlawmx@smh.com.au,Non-binary,0.34.52.46
827,Iago,Gwillim,igwillimmy@nifty.com,Female,215.96.132.86
828,Riki,Kenion,rkenionmz@w3.org,Female,247.49.156.136
829,Marilee,Sibbe,msibben0@skyrock.com,Female,185.18.245.97
830,Magdalene,Abraham,mabrahamn1@devhub.com,Male,24.227.60.87
831,Lena,Penhaligon,lpenhaligonn2@fema.gov,Female,176.253.43.63
832,Bambi,Shortall,bshortalln3@google.com,Female,128.229.32.192
833,Steffen,Doog,sdoogn4@soup.io,Male,161.205.18.85
834,Cherida,Kyrkeman,ckyrkemann5@cmu.edu,Female,21.229.174.201
835,Lisabeth,Hedges,lhedgesn6@miitbeian.gov.cn,Genderfluid,27.115.40.146
836,Tuckie,Gillean,tgilleann7@elpais.com,Female,116.81.152.136
837,Melodee,Dreini,mdreinin8@prnewswire.com,Male,111.127.116.81
838,Daisey,Clarke-Williams,dclarkewilliamsn9@jugem.jp,Male,142.221.247.55
839,Kizzie,O'Dee,kodeena@home.pl,Male,7.147.56.105
840,Elia,Coen,ecoennb@oaic.gov.au,Polygender,122.237.114.7
841,Dunc,Snoxell,dsnoxellnc@ameblo.jp,Male,218.27.60.48
842,Julie,Cathee,jcatheend@independent.co.uk,Female,200.104.87.67
843,Paquito,Levee,pleveene@eepurl.com,Male,100.173.218.15
844,Sollie,Lomax,slomaxnf@dedecms.com,Male,234.190.145.7
845,Vasili,Carnson,vcarnsonng@seattletimes.com,Female,126.182.3.181
846,Gabriello,Castellone,gcastellonenh@seesaa.net,Male,195.120.200.107
847,Cesare,Orwell,corwellni@amazon.co.uk,Female,239.246.201.54
848,Winnah,Dibner,wdibnernj@miitbeian.gov.cn,Male,142.114.36.145
849,Merwin,Lowdiane,mlowdianenk@gizmodo.com,Male,226.132.219.174
850,Shelia,Dundin,sdundinnl@columbia.edu,Male,116.187.149.88
851,Melvin,Niessen,mniessennm@miitbeian.gov.cn,Female,36.252.78.98
852,Shari,Dionis,sdionisnn@shop-pro.jp,Female,213.231.62.191
853,Ileane,Antonietti,iantoniettino@jugem.jp,Female,86.104.239.93
854,Shelley,Cousins,scousinsnp@over-blog.com,Female,183.20.30.8
855,Isaac,Hune,ihunenq@wufoo.com,Male,8.75.64.238
856,Davidde,Kynston,dkynstonnr@wiley.com,Male,51.203.171.77
857,Merrick,Akess,makessns@mediafire.com,Male,7.67.35.175
858,Jemmy,Haggard,jhaggardnt@bloglovin.com,Female,45.190.56.241
859,Darsey,Ferdinand,dferdinandnu@multiply.com,Female,255.166.219.177
860,Curran,Skyrm,cskyrmnv@bloglines.com,Male,222.105.123.75
861,Joell,Iacobassi,jiacobassinw@sciencedaily.com,Female,12.210.65.120
862,Frederic,Bougen,fbougennx@studiopress.com,Female,97.38.28.182
863,Marjy,Callaghan,mcallaghanny@blogs.com,Male,134.81.27.103
864,Porty,Headon,pheadonnz@nydailynews.com,Female,35.158.234.37
865,Lorinda,Farington,lfaringtono0@desdev.cn,Bigender,209.47.237.31
866,Ynes,Wilber,ywilbero1@google.com,Female,186.40.70.4
867,Madelaine,Stepney,mstepneyo2@chronoengine.com,Male,157.119.248.210
868,Emmey,Hanshaw,ehanshawo3@businesswire.com,Male,70.244.53.23
869,Alie,Brockhouse,abrockhouseo4@booking.com,Female,228.25.2.77
870,Felicio,Camilleri,fcamillerio5@people.com.cn,Female,222.56.48.10
871,Nata,Bison,nbisono6@fema.gov,Female,167.183.249.76
872,Noreen,Barstowk,nbarstowko7@globo.com,Male,28.204.27.88
873,Mahmoud,Trouel,mtrouelo8@webs.com,Male,101.92.163.118
874,Verine,Juanico,vjuanicoo9@github.io,Male,48.147.195.36
875,Berry,Piesing,bpiesingoa@t.co,Male,229.62.57.188
876,Mamie,Fennell,mfennellob@tmall.com,Male,105.111.114.204
877,Reeva,Brocket,rbrocketoc@constantcontact.com,Female,183.137.144.255
878,Jeffrey,Schlagh,jschlaghod@noaa.gov,Male,188.37.48.235
879,Sebastiano,Van der Son,svandersonoe@discuz.net,Male,244.168.161.95
880,Pooh,Creeber,pcreeberof@google.ru,Male,174.78.197.255
881,Osbert,Huikerby,ohuikerbyog@digg.com,Male,151.112.244.218
882,Aubrey,Ackeroyd,aackeroydoh@apple.com,Female,184.58.140.247
883,Kiley,Willes,kwillesoi@macromedia.com,Female,220.162.78.190
884,Marilin,Lusk,mluskoj@ustream.tv,Female,103.159.229.52
885,Caldwell,Timberlake,ctimberlakeok@furl.net,Female,5.99.173.138
886,Northrup,Carrick,ncarrickol@chronoengine.com,Female,90.162.129.225
887,Eustace,Crose,ecroseom@sina.com.cn,Male,90.110.129.30
888,Sutherland,Doley,sdoleyon@springer.com,Female,112.6.53.76
889,Dayle,Girkin,dgirkinoo@economist.com,Male,32.146.8.29
890,Ermentrude,Shoulders,eshouldersop@woothemes.com,Female,196.34.42.22
891,Alma,Emerton,aemertonoq@tmall.com,Male,75.31.104.6
892,Linnie,Devlin,ldevlinor@harvard.edu,Female,107.56.17.55
893,Iosep,Paulsen,ipaulsenos@tinyurl.com,Male,22.202.144.139
894,Dominga,Gounet,dgounetot@hostgator.com,Female,16.3.183.50
895,Celestyn,Chappel,cchappelou@msn.com,Male,193.75.40.123
896,Dominic,Cowely,dcowelyov@unblog.fr,Female,76.35.33.159
897,Philbert,Eilhersen,peilhersenow@prlog.org,Male,151.38.227.130
898,Roscoe,Baudi,rbaudiox@mayoclinic.com,Female,57.88.20.18
899,Christophe,Kubin,ckubinoy@moonfruit.com,Female,249.230.179.89
900,Vernen,Flye,vflyeoz@google.nl,Female,52.99.124.102
901,Lilian,Deelay,ldeelayp0@dropbox.com,Female,75.60.24.103
902,Sydelle,Hasser,shasserp1@mlb.com,Male,164.206.210.5
903,Lorrayne,Anyon,lanyonp2@barnesandnoble.com,Male,188.142.235.209
904,Mersey,Klewer,mklewerp3@google.cn,Male,137.127.109.43
905,Trent,Turpie,tturpiep4@artisteer.com,Female,211.235.170.67
906,Gleda,Patient,gpatientp5@businessweek.com,Male,122.99.223.246
907,Taylor,Sutherden,tsutherdenp6@canalblog.com,Female,134.72.142.91
908,Leodora,Piet,lpietp7@earthlink.net,Male,96.27.235.30
909,Thorpe,Race,tracep8@hexun.com,Genderqueer,146.64.39.245
910,Nina,Wedmore.,nwedmorep9@last.fm,Female,186.220.244.211
911,Isahella,Tate,itatepa@globo.com,Male,148.88.67.50
912,Daphene,Boynes,dboynespb@usgs.gov,Male,89.238.10.70
913,Corby,Cristofalo,ccristofalopc@mapquest.com,Male,22.142.38.203
914,Margaretta,Brugman,mbrugmanpd@nationalgeographic.com,Male,246.219.162.181
915,Lucia,Westrope,lwestropepe@pen.io,Female,208.244.66.12
916,Jacenta,Marsham,jmarshampf@wikia.com,Female,159.220.106.155
917,Marjy,Eddoes,meddoespg@lycos.com,Male,87.55.136.254
918,Aldis,Andrick,aandrickph@google.nl,Polygender,84.119.115.141
919,Monti,Kienl,mkienlpi@abc.net.au,Male,126.52.38.224
920,Archibald,Ulster,aulsterpj@jigsy.com,Male,104.41.82.43
921,Paddie,Wyett,pwyettpk@discovery.com,Female,217.241.67.175
922,Jodi,Whitefoot,jwhitefootpl@aboutads.info,Female,159.93.159.208
923,Dallon,Pentercost,dpentercostpm@webeden.co.uk,Male,112.104.98.11
924,Trudie,Middlehurst,tmiddlehurstpn@istockphoto.com,Polygender,63.71.140.40
925,Nessie,Hanmer,nhanmerpo@4shared.com,Male,71.31.221.197
926,Hadleigh,Roden,hrodenpp@ocn.ne.jp,Female,243.206.221.176
927,Kristian,Haxby,khaxbypq@wikispaces.com,Genderqueer,28.255.8.182
928,Rebekah,Foxhall,rfoxhallpr@berkeley.edu,Female,127.137.167.173
929,Tobias,Miklem,tmiklemps@dailymail.co.uk,Female,187.123.199.72
930,Liva,Hedge,lhedgept@elpais.com,Genderfluid,147.82.208.84
931,Dal,Biaggiotti,dbiaggiottipu@house.gov,Female,184.136.225.132
932,Luelle,Blain,lblainpv@people.com.cn,Male,124.105.195.210
933,Vidovic,Danet,vdanetpw@wired.com,Female,4.28.178.155
934,Elysee,Kits,ekitspx@ning.com,Male,122.208.110.112
935,Rayshell,Parsand,rparsandpy@etsy.com,Female,30.92.231.28
936,Dewey,Szymanski,dszymanskipz@ask.com,Female,137.253.64.232
937,Jobye,Jaumet,jjaumetq0@w3.org,Male,249.125.99.245
938,Caro,Bilbrook,cbilbrookq1@woothemes.com,Female,193.91.20.105
939,Janene,Blakey,jblakeyq2@globo.com,Male,46.93.178.122
940,Bev,Niblo,bnibloq3@aboutads.info,Female,234.86.156.159
941,Peyton,Nipper,pnipperq4@com.com,Bigender,148.8.246.118
942,Bobine,Rayson,braysonq5@miitbeian.gov.cn,Female,147.215.33.7
943,Alric,Belasco,abelascoq6@facebook.com,Male,61.154.141.72
944,Dianna,Turmall,dturmallq7@unesco.org,Female,139.57.210.38
945,Farr,Desouza,fdesouzaq8@earthlink.net,Male,242.128.2.23
946,Stanleigh,Roscam,sroscamq9@tripadvisor.com,Male,235.152.204.186
947,Bunni,Lammers,blammersqa@163.com,Male,226.24.157.46
948,Aurie,Pharrow,apharrowqb@list-manage.com,Female,102.158.88.226
949,Barry,Stiller,bstillerqc@cocolog-nifty.com,Female,227.159.96.113
950,Katee,Trimnell,ktrimnellqd@army.mil,Female,76.23.119.0
951,Brooke,Leebeter,bleebeterqe@amazon.com,Female,43.7.194.167
952,Quentin,Latimer,qlatimerqf@google.nl,Female,41.34.107.72
953,Fionna,Christopher,fchristopherqg@hp.com,Female,39.27.76.118
954,Rainer,Zottoli,rzottoliqh@cnn.com,Female,107.34.192.129
955,Moss,Chatfield,mchatfieldqi@google.ca,Female,151.101.171.78
956,Grier,Francke,gfranckeqj@engadget.com,Male,174.18.136.11
957,Gale,Rollo,grolloqk@walmart.com,Female,165.63.144.109
958,Marrissa,Kyllford,mkyllfordql@wikispaces.com,Male,74.164.32.91
959,Abram,Perrat,aperratqm@behance.net,Male,70.28.18.228
960,Gabbi,Dionisi,gdionisiqn@nytimes.com,Male,114.124.90.28
961,Jania,Palluschek,jpalluschekqo@sitemeter.com,Female,214.178.221.18
962,Veronika,Belvin,vbelvinqp@yellowpages.com,Female,58.110.124.184
963,Teddie,Maple,tmapleqq@shop-pro.jp,Female,119.82.23.144
964,Cobb,Tilley,ctilleyqr@elpais.com,Male,198.123.108.233
965,Milly,Cudby,mcudbyqs@lycos.com,Female,236.225.97.167
966,Hilliary,Eliez,heliezqt@over-blog.com,Female,80.90.130.103
967,Chantal,McShea,cmcsheaqu@about.com,Female,55.67.222.90
968,Valma,Deeny,vdeenyqv@webeden.co.uk,Male,229.28.184.228
969,Christopher,Svanini,csvaniniqw@aboutads.info,Male,111.150.131.81
970,Alyce,Yurocjkin,ayurocjkinqx@cargocollective.com,Female,183.201.147.56
971,Keeley,Colbran,kcolbranqy@icio.us,Male,181.72.127.101
972,Minne,Brosius,mbrosiusqz@smh.com.au,Female,51.6.118.237
973,Matty,Puig,mpuigr0@house.gov,Genderqueer,135.112.138.213
974,Barbabas,Kee,bkeer1@flickr.com,Female,236.63.141.0
975,Kimberlee,Weagener,kweagenerr2@google.nl,Female,135.61.188.35
976,Ruttger,Jervis,rjervisr3@indiegogo.com,Female,66.80.239.149
977,Darb,Janaway,djanawayr4@mac.com,Male,42.140.244.86
978,Skell,Ewer,sewerr5@nba.com,Non-binary,53.221.62.21
979,Cesaro,Cattlow,ccattlowr6@state.gov,Male,219.227.122.217
980,Aguste,Gook,agookr7@chron.com,Female,116.197.44.143
981,Giffy,McFee,gmcfeer8@freewebs.com,Male,200.15.252.3
982,Ambrosius,Ceccoli,aceccolir9@chronoengine.com,Male,11.233.116.56
983,Alan,Portingale,aportingalera@wikia.com,Non-binary,1.80.132.46
984,Roderigo,Illingworth,rillingworthrb@seesaa.net,Male,217.145.129.78
985,Wittie,O'Carrol,wocarrolrc@independent.co.uk,Female,73.206.172.233
986,Eldridge,Spry,espryrd@friendfeed.com,Female,104.111.76.171
987,Tiler,Crat,tcratre@cpanel.net,Male,97.184.34.244
988,Adella,Wisniewski,awisniewskirf@columbia.edu,Male,235.68.163.242
989,Nikoletta,Bogges,nboggesrg@xing.com,Male,112.85.125.4
990,Veronike,Pletts,vplettsrh@quantcast.com,Female,218.223.69.6
991,Ondrea,Gooders,ogoodersri@usda.gov,Male,95.13.241.168
992,Lorettalorna,Sobieski,lsobieskirj@w3.org,Female,174.69.90.208
993,Dina,Angus,dangusrk@blogtalkradio.com,Male,219.80.13.171
994,Kenna,Grigaut,kgrigautrl@privacy.gov.au,Female,81.127.236.115
995,Lillian,Pascow,lpascowrm@tmall.com,Male,72.24.188.171
996,Walsh,Hilhouse,whilhousern@weibo.com,Male,255.94.11.173
997,Yanaton,Aberchirder,yaberchirderro@biglobe.ne.jp,Female,55.82.208.249
998,Hernando,Fooks,hfooksrp@ucoz.com,Female,39.200.90.194
999,Kassia,Mattin,kmattinrq@facebook.com,Genderqueer,148.254.114.206
1000,Emelita,Claypoole,eclaypoolerr@jugem.jp,Male,38.25.178.34
